USE ecommerce_db;

INSERT INTO users (user_id, name, email, phone) VALUES
(1, 'Anay Shanker', 'anay.shanker@shopindia.com', '1043321819'),
(2, 'Nirvaan Choudhury', 'nirvaan.choudhury@shopindia.com', '6001338908'),
(3, 'Sara Behl', 'sara.behl@shopindia.com', '3863794026'),
(4, 'Kiara Kakar', 'kiara.kakar@shopindia.com', '5423511615'),
(5, 'Aniruddh Batra', 'aniruddh.batra@shopindia.com', '5940781618'),
(6, 'Mehul Krishnan', 'mehul.krishnan@shopindia.com', '4959310341'),
(7, 'Jhanvi Chaudhary', 'jhanvi.chaudhary@shopindia.com', '3164752553'),
(8, 'Madhup Kapur', 'madhup.kapur@shopindia.com', '4192832764'),
(9, 'Zoya Virk', 'zoya.virk@shopindia.com', '8350305641'),
(10, 'Tara Swaminathan', 'tara.swaminathan@shopindia.com', '3953767242'),
(11, 'Rasha Kakar', 'rasha.kakar@shopindia.com', '3884969653'),
(12, 'Ranbir Brahmbhatt', 'ranbir.brahmbhatt@shopindia.com', '2871012269'),
(13, 'Tarini Ganguly', 'tarini.ganguly@shopindia.com', '1669784801'),
(14, 'Divij Gupta', 'divij.gupta@shopindia.com', '8451462704'),
(15, 'Taimur Vaidya', 'taimur.vaidya@shopindia.com', '8281489325'),
(16, 'Lavanya Deo', 'lavanya.deo@shopindia.com', '2880957015'),
(17, 'Samiha Karpe', 'samiha.karpe@shopindia.com', '4303911718'),
(18, 'Uthkarsh Baral', 'uthkarsh.baral@shopindia.com', '2278248963'),
(19, 'Mishti Ranganathan', 'mishti.ranganathan@shopindia.com', '8346578713'),
(20, 'Kashvi Char', 'kashvi.char@shopindia.com', '3150983930'),
(21, 'Azad Sahota', 'azad.sahota@shopindia.com', '1031051834'),
(22, 'Trisha Dhillon', 'trisha.dhillon@shopindia.com', '7382997376'),
(23, 'Mehul Verma', 'mehul.verma@shopindia.com', '3116566701'),
(24, 'Vaibhav Dewan', 'vaibhav.dewan@shopindia.com', '0651333872'),
(25, 'Myra Tiwari', 'myra.tiwari@shopindia.com', '6247317810'),
(26, 'Ishaan Goyal', 'ishaan.goyal@shopindia.com', '8013267736'),
(27, 'Lakshay Sampath', 'lakshay.sampath@shopindia.com', '0260647468'),
(28, 'Rati Sanghvi', 'rati.sanghvi@shopindia.com', '7234309805'),
(29, 'Mahika Ravi', 'mahika.ravi@shopindia.com', '0097882081'),
(30, 'Hazel Sethi', 'hazel.sethi@shopindia.com', '2191361939'),
(31, 'Ishaan Kashyap', 'ishaan.kashyap@shopindia.com', '9091699854'),
(32, 'Purab Reddy', 'purab.reddy@shopindia.com', '3534624751'),
(33, 'Piya Gaba', 'piya.gaba@shopindia.com', '0799118384'),
(34, 'Manikya Tara', 'manikya.tara@shopindia.com', '2513542784'),
(35, 'Zara Dugar', 'zara.dugar@shopindia.com', '9808412411'),
(36, 'Priyansh Bali', 'priyansh.bali@shopindia.com', '8244935348'),
(37, 'Jiya Vora', 'jiya.vora@shopindia.com', '7401640052'),
(38, 'Lakshit Sagar', 'lakshit.sagar@shopindia.com', '4278680112'),
(39, 'Vivaan Wagle', 'vivaan.wagle@shopindia.com', '8059826204'),
(40, 'Hridaan Deo', 'hridaan.deo@shopindia.com', '5053315869'),
(41, 'Nishith Sharma', 'nishith.sharma@shopindia.com', '2322602563'),
(42, 'Siya Master', 'siya.master@shopindia.com', '4216073375'),
(43, 'Keya Iyengar', 'keya.iyengar@shopindia.com', '4330365414'),
(44, 'Madhup Biswas', 'madhup.biswas@shopindia.com', '5868501429'),
(45, 'Divij Shroff', 'divij.shroff@shopindia.com', '4019655698'),
(46, 'Faiyaz Bose', 'faiyaz.bose@shopindia.com', '1693406088'),
(47, 'Vritika Sangha', 'vritika.sangha@shopindia.com', '3561595148'),
(48, 'Kimaya Balay', 'kimaya.balay@shopindia.com', '4656482366'),
(49, 'Vaibhav Raju', 'vaibhav.raju@shopindia.com', '2994680443'),
(50, 'Eva Dass', 'eva.dass@shopindia.com', '6995777387'),
(51, 'Pihu Sen', 'pihu.sen@shopindia.com', '2148951343'),
(52, 'Pihu Wali', 'pihu.wali@shopindia.com', '3200379176'),
(53, 'Tiya Rege', 'tiya.rege@shopindia.com', '9367632016'),
(54, 'Faiyaz Din', 'faiyaz.din@shopindia.com', '3287083172'),
(55, 'Indranil Karan', 'indranil.karan@shopindia.com', '7889579868'),
(56, 'Saira Vora', 'saira.vora@shopindia.com', '7277434873'),
(57, 'Damini Singh', 'damini.singh@shopindia.com', '4714345581'),
(58, 'Dishani Bera', 'dishani.bera@shopindia.com', '2236231665'),
(59, 'Navya Kulkarni', 'navya.kulkarni@shopindia.com', '8760366909'),
(60, 'Indrans Grover', 'indrans.grover@shopindia.com', '6705466889'),
(61, 'Hrishita Sood', 'hrishita.sood@shopindia.com', '3734670656'),
(62, 'Kismat Edwin', 'kismat.edwin@shopindia.com', '2729806990'),
(63, 'Advik Bhalla', 'advik.bhalla@shopindia.com', '1627204653'),
(64, 'Zara Dube', 'zara.dube@shopindia.com', '7556464170'),
(65, 'Bhavin Dara', 'bhavin.dara@shopindia.com', '8053100330'),
(66, 'Dharmajan Setty', 'dharmajan.setty@shopindia.com', '9232719374'),
(67, 'Darshit Sidhu', 'darshit.sidhu@shopindia.com', '5299124190'),
(68, 'Gokul Sahni', 'gokul.sahni@shopindia.com', '4966319314'),
(69, 'Ira Butala', 'ira.butala@shopindia.com', '9190586518'),
(70, 'Eva Viswanathan', 'eva.viswanathan@shopindia.com', '5067165726'),
(71, 'Lakshit Madan', 'lakshit.madan@shopindia.com', '2849877694'),
(72, 'Riya Dugal', 'riya.dugal@shopindia.com', '5314737996'),
(73, 'Oorja Sachar', 'oorja.sachar@shopindia.com', '5075273545'),
(74, 'Advika Yogi', 'advika.yogi@shopindia.com', '4948083136'),
(75, 'Fateh Dasgupta', 'fateh.dasgupta@shopindia.com', '7837770143'),
(76, 'Chirag Gara', 'chirag.gara@shopindia.com', '6349578856'),
(77, 'Khushi Malhotra', 'khushi.malhotra@shopindia.com', '8557444313'),
(78, 'Khushi Choudhary', 'khushi.choudhary@shopindia.com', '5182337498'),
(79, 'Devansh Sathe', 'devansh.sathe@shopindia.com', '9413435240'),
(80, 'Manikya Bandi', 'manikya.bandi@shopindia.com', '8240084271'),
(81, 'Shalv Banik', 'shalv.banik@shopindia.com', '0947775204'),
(82, 'Ranbir Sami', 'ranbir.sami@shopindia.com', '7116719022'),
(83, 'Lakshit Kulkarni', 'lakshit.kulkarni@shopindia.com', '9413186999'),
(84, 'Samaira Wadhwa', 'samaira.wadhwa@shopindia.com', '3867749649'),
(85, 'Nirvaan Srinivasan', 'nirvaan.srinivasan@shopindia.com', '9091334123'),
(86, 'Zara Jani', 'zara.jani@shopindia.com', '2812067974'),
(87, 'Divit Bava', 'divit.bava@shopindia.com', '0344713493'),
(88, 'Sumer Kakar', 'sumer.kakar@shopindia.com', '6183242102'),
(89, 'Anahita Venkatesh', 'anahita.venkatesh@shopindia.com', '4994717464'),
(90, 'Pari Sachdeva', 'pari.sachdeva@shopindia.com', '8877190659'),
(91, 'Biju Jaggi', 'biju.jaggi@shopindia.com', '4013990490'),
(92, 'Yasmin Venkataraman', 'yasmin.venkataraman@shopindia.com', '2787429671'),
(93, 'Nishith Char', 'nishith.char@shopindia.com', '7565512567'),
(94, 'Heer Kapur', 'heer.kapur@shopindia.com', '4680715451'),
(95, 'Aarna Chand', 'aarna.chand@shopindia.com', '6808760385'),
(96, 'Anahi Dash', 'anahi.dash@shopindia.com', '9770348247'),
(97, 'Ahana  Swamy', 'ahana..swamy@shopindia.com', '7109324808'),
(98, 'Badal Sachdev', 'badal.sachdev@shopindia.com', '6131712748'),
(99, 'Divij Shetty', 'divij.shetty@shopindia.com', '4677378263'),
(100, 'Ivan Jani', 'ivan.jani@shopindia.com', '9821465840'),
(101, 'Anya Chhabra', 'anya.chhabra@shopindia.com', '4499727875'),
(102, 'Biju Butala', 'biju.butala@shopindia.com', '5886753396'),
(103, 'Aarav Hayer', 'aarav.hayer@shopindia.com', '3605766270'),
(104, 'Vardaniya Srinivasan', 'vardaniya.srinivasan@shopindia.com', '2895171870'),
(105, 'Reyansh Kakar', 'reyansh.kakar@shopindia.com', '2621745961'),
(106, 'Indrans Chandran', 'indrans.chandran@shopindia.com', '5865780913'),
(107, 'Madhav Balakrishnan', 'madhav.balakrishnan@shopindia.com', '4316117240'),
(108, 'Siya Dugar', 'siya.dugar@shopindia.com', '0504556238'),
(109, 'Badal Master', 'badal.master@shopindia.com', '6922219693'),
(110, 'Damini Varkey', 'damini.varkey@shopindia.com', '7923747407'),
(111, 'Bhavin Kumar', 'bhavin.kumar@shopindia.com', '4821759464'),
(112, 'Kabir Banerjee', 'kabir.banerjee@shopindia.com', '7436713695'),
(113, 'Pari Venkataraman', 'pari.venkataraman@shopindia.com', '9440640909'),
(114, 'Yuvaan Bhasin', 'yuvaan.bhasin@shopindia.com', '7439533942'),
(115, 'Kavya Rajan', 'kavya.rajan@shopindia.com', '1047095214'),
(116, 'Miraya Baria', 'miraya.baria@shopindia.com', '5623285884'),
(117, 'Nirvi Manne', 'nirvi.manne@shopindia.com', '2474517123'),
(118, 'Pranay Chaudry', 'pranay.chaudry@shopindia.com', '6851604817'),
(119, 'Nakul Deo', 'nakul.deo@shopindia.com', '5496513709'),
(120, 'Hansh Sampath', 'hansh.sampath@shopindia.com', '8593174612'),
(121, 'Amira Dugar', 'amira.dugar@shopindia.com', '0047113826'),
(122, 'Aayush Karnik', 'aayush.karnik@shopindia.com', '7586926179'),
(123, 'Devansh Luthra', 'devansh.luthra@shopindia.com', '6405377351'),
(124, 'Dishani Deo', 'dishani.deo@shopindia.com', '5850643171'),
(125, 'Stuvan Wadhwa', 'stuvan.wadhwa@shopindia.com', '3900532931'),
(126, 'Nirvaan Goyal', 'nirvaan.goyal@shopindia.com', '8393352904'),
(127, 'Indranil Kanda', 'indranil.kanda@shopindia.com', '2284210205'),
(128, 'Manjari Swamy', 'manjari.swamy@shopindia.com', '3950240268'),
(129, 'Nitya Taneja', 'nitya.taneja@shopindia.com', '1177589178'),
(130, 'Nitara Ben', 'nitara.ben@shopindia.com', '3908470076'),
(131, 'Prerak Bhardwaj', 'prerak.bhardwaj@shopindia.com', '6177115921'),
(132, 'Shanaya Malhotra', 'shanaya.malhotra@shopindia.com', '2499856984'),
(133, 'Purab Dhaliwal', 'purab.dhaliwal@shopindia.com', '7896118367'),
(134, 'Saanvi Garg', 'saanvi.garg@shopindia.com', '3657661565'),
(135, 'Piya Ravel', 'piya.ravel@shopindia.com', '4527111161'),
(136, 'Dishani Konda', 'dishani.konda@shopindia.com', '5280988516'),
(137, 'Baiju Batra', 'baiju.batra@shopindia.com', '5604945198'),
(138, 'Raghav Bains', 'raghav.bains@shopindia.com', '3273158514'),
(139, 'Shamik Solanki', 'shamik.solanki@shopindia.com', '9368998094'),
(140, 'Navya Deep', 'navya.deep@shopindia.com', '0244550229'),
(141, 'Seher Kant', 'seher.kant@shopindia.com', '6120183667'),
(142, 'Jhanvi Agrawal', 'jhanvi.agrawal@shopindia.com', '5254599102'),
(143, 'Dhanuk Wagle', 'dhanuk.wagle@shopindia.com', '2901476797'),
(144, 'Inaaya  Badami', 'inaaya..badami@shopindia.com', '6438156149'),
(145, 'Keya Majumdar', 'keya.majumdar@shopindia.com', '7840369003'),
(146, 'Adah Bhatt', 'adah.bhatt@shopindia.com', '4324451076'),
(147, 'Ryan Gopal', 'ryan.gopal@shopindia.com', '2268388516'),
(148, 'Taimur Cheema', 'taimur.cheema@shopindia.com', '0607159696'),
(149, 'Nitya Behl', 'nitya.behl@shopindia.com', '6416052975'),
(150, 'Vanya Mammen', 'vanya.mammen@shopindia.com', '1613696816'),
(151, 'Miraya Shere', 'miraya.shere@shopindia.com', '4535218188'),
(152, 'Miraan Venkatesh', 'miraan.venkatesh@shopindia.com', '3552312432'),
(153, 'Yasmin Tak', 'yasmin.tak@shopindia.com', '9212779979'),
(154, 'Zain Arora', 'zain.arora@shopindia.com', '9552717744'),
(155, 'Sara Ganesan', 'sara.ganesan@shopindia.com', '9058147700'),
(156, 'Zaina Sami', 'zaina.sami@shopindia.com', '5411998679'),
(157, 'Priyansh Buch', 'priyansh.buch@shopindia.com', '8079359782'),
(158, 'Vaibhav Viswanathan', 'vaibhav.viswanathan@shopindia.com', '0715182037'),
(159, 'Anaya Choudhry', 'anaya.choudhry@shopindia.com', '7889255466'),
(160, 'Amira Gill', 'amira.gill@shopindia.com', '5905151864'),
(161, 'Yashvi Viswanathan', 'yashvi.viswanathan@shopindia.com', '4925192546'),
(162, 'Mamooty Arora', 'mamooty.arora@shopindia.com', '2914865281'),
(163, 'Yakshit Gala', 'yakshit.gala@shopindia.com', '6850542357'),
(164, 'Darshit Som', 'darshit.som@shopindia.com', '3322141888'),
(165, 'Stuvan Rege', 'stuvan.rege@shopindia.com', '0592962229'),
(166, 'Parinaaz Upadhyay', 'parinaaz.upadhyay@shopindia.com', '2706537947'),
(167, 'Aniruddh Bhardwaj', 'aniruddh.bhardwaj@shopindia.com', '3834735977'),
(168, 'Jayesh Mannan', 'jayesh.mannan@shopindia.com', '4688623924'),
(169, 'Armaan Bhagat', 'armaan.bhagat@shopindia.com', '0758181412'),
(170, 'Shray Sethi', 'shray.sethi@shopindia.com', '4782613750'),
(171, 'Adira Raman', 'adira.raman@shopindia.com', '6068536153'),
(172, 'Veer Yogi', 'veer.yogi@shopindia.com', '0515220472'),
(173, 'Onkar Bains', 'onkar.bains@shopindia.com', '7790104328'),
(174, 'Aarav Lad', 'aarav.lad@shopindia.com', '9861434103'),
(175, 'Tejas Kale', 'tejas.kale@shopindia.com', '6971179808'),
(176, 'Nitya Gandhi', 'nitya.gandhi@shopindia.com', '9324609539'),
(177, 'Nitara Vala', 'nitara.vala@shopindia.com', '6218518888'),
(178, 'Saira Yogi', 'saira.yogi@shopindia.com', '8067065405'),
(179, 'Dishani Dubey', 'dishani.dubey@shopindia.com', '1531952058'),
(180, 'Shaan Jaggi', 'shaan.jaggi@shopindia.com', '5277221704'),
(181, 'Ishita Bhatt', 'ishita.bhatt@shopindia.com', '3030548687'),
(182, 'Aaina Salvi', 'aaina.salvi@shopindia.com', '4034505415'),
(183, 'Parinaaz Shere', 'parinaaz.shere@shopindia.com', '6676527758'),
(184, 'Mannat Mane', 'mannat.mane@shopindia.com', '4161692845'),
(185, 'Yuvaan Mahal', 'yuvaan.mahal@shopindia.com', '1154479627'),
(186, 'Romil Dhar', 'romil.dhar@shopindia.com', '5705964016'),
(187, 'Adah Srivastava', 'adah.srivastava@shopindia.com', '5820297021'),
(188, 'Anahita Kant', 'anahita.kant@shopindia.com', '3556909275'),
(189, 'Pari Chhabra', 'pari.chhabra@shopindia.com', '5719285654'),
(190, 'Yashvi Yohannan', 'yashvi.yohannan@shopindia.com', '3102786814'),
(191, 'Nirvi Basak', 'nirvi.basak@shopindia.com', '4739473121'),
(192, 'Drishya Saini', 'drishya.saini@shopindia.com', '7271551884'),
(193, 'Divij Tank', 'divij.tank@shopindia.com', '4225831323'),
(194, 'Pari Dubey', 'pari.dubey@shopindia.com', '7058957829'),
(195, 'Zara Chaudhary', 'zara.chaudhary@shopindia.com', '1146786691'),
(196, 'Anay Bajaj', 'anay.bajaj@shopindia.com', '2517785289'),
(197, 'Anika Ramaswamy', 'anika.ramaswamy@shopindia.com', '2268018242'),
(198, 'Amani Johal', 'amani.johal@shopindia.com', '2535841438'),
(199, 'Saanvi Sarin', 'saanvi.sarin@shopindia.com', '4249818299'),
(200, 'Bhamini Iyengar', 'bhamini.iyengar@shopindia.com', '2299590010');

INSERT INTO addresses (user_id, address_line, city, state, postal_code, country) VALUES
(1, '016, Chakrabarti Ganj', 'Dhanbad', 'Nagaland', '943969', 'India'),
(2, 'H.No. 727, Mammen Circle', 'Mango', 'Punjab', '078447', 'India'),
(3, '72/77
Sheth Road', 'Bally', 'Tripura', '364710', 'India'),
(4, '34/714
Deshpande Ganj', 'Imphal', 'Nagaland', '276773', 'India'),
(5, '236, Sastry Street', 'Rajkot', 'Maharashtra', '592555', 'India'),
(6, 'H.No. 87
Balasubramanian Marg', 'Bidar', 'Madhya Pradesh', '625881', 'India'),
(7, '67/05, Shetty Road', 'Gurgaon', 'Nagaland', '537147', 'India'),
(8, '34, Kibe Marg', 'Pali', 'Karnataka', '321046', 'India'),
(9, '27/298
Hegde Nagar', 'Gwalior', 'Rajasthan', '963259', 'India'),
(10, '720
Gupta Road', 'Rajpur Sonarpur', 'Manipur', '532787', 'India'),
(11, 'H.No. 64
Date Marg', 'Nandyal', 'Andhra Pradesh', '747016', 'India'),
(12, 'H.No. 31, Shroff Nagar', 'Shahjahanpur', 'Gujarat', '873395', 'India'),
(13, '23/27, Manda Zila', 'Kirari Suleman Nagar', 'Tamil Nadu', '004797', 'India'),
(14, 'H.No. 29
Shenoy', 'Ujjain', 'Jharkhand', '480162', 'India'),
(15, '04/96, Sehgal Marg', 'Aurangabad', 'Odisha', '456506', 'India'),
(16, 'H.No. 491, Srinivas', 'Sri Ganganagar', 'Nagaland', '098358', 'India'),
(17, '51/850
Tata Marg', 'Aligarh', 'Maharashtra', '416878', 'India'),
(18, '72/628
Randhawa Road', 'Kirari Suleman Nagar', 'Maharashtra', '499121', 'India'),
(19, 'H.No. 31
Wadhwa Road', 'Latur', 'Tripura', '655852', 'India'),
(20, '96/50
Varghese Chowk', 'South Dumdum', 'Meghalaya', '398680', 'India'),
(21, 'H.No. 45, Wable Road', 'Miryalaguda', 'Andhra Pradesh', '002578', 'India'),
(22, 'H.No. 367, Sibal Circle', 'Fatehpur', 'Rajasthan', '729825', 'India'),
(23, '01
Choudhry Road', 'Latur', 'Jharkhand', '952694', 'India'),
(24, '88
Kala Path', 'Nagercoil', 'Tamil Nadu', '958887', 'India'),
(25, 'H.No. 44
Bhasin Ganj', 'Satna', 'Bihar', '947055', 'India'),
(26, '374, Sidhu', 'Salem', 'Uttarakhand', '169409', 'India'),
(27, 'H.No. 35, Dora Street', 'Deoghar', 'Chhattisgarh', '749930', 'India'),
(28, 'H.No. 084
Ray Street', 'Kota', 'West Bengal', '972896', 'India'),
(29, '47/77, Chanda Path', 'Nizamabad', 'West Bengal', '230913', 'India'),
(30, 'H.No. 167
Mani Zila', 'Saharanpur', 'Chhattisgarh', '075626', 'India'),
(31, 'H.No. 318
Raman Marg', 'Nagaon', 'Madhya Pradesh', '368970', 'India'),
(32, '49
Dua Marg', 'Phagwara', 'Telangana', '283857', 'India'),
(33, '341, Dar Street', 'Suryapet', 'Assam', '865278', 'India'),
(34, 'H.No. 679, Dhingra Chowk', 'Ahmednagar', 'Jharkhand', '585497', 'India'),
(35, '71/349
Kala Ganj', 'Tinsukia', 'Haryana', '334843', 'India'),
(36, 'H.No. 21, Butala Nagar', 'Hindupur', 'Telangana', '443757', 'India'),
(37, '17
Sarma Road', 'Darbhanga', 'Mizoram', '584419', 'India'),
(38, '19
Walia Nagar', 'North Dumdum', 'Punjab', '866524', 'India'),
(39, 'H.No. 139
Anne', 'Gangtok', 'Arunachal Pradesh', '041574', 'India'),
(40, '87, Chana Road', 'Pallavaram', 'Assam', '733848', 'India'),
(41, 'H.No. 65
Sampath Path', 'Nanded', 'Karnataka', '421993', 'India'),
(42, '74/680
Basu Chowk', 'Nizamabad', 'Karnataka', '308330', 'India'),
(43, '80, Kashyap Circle', 'Meerut', 'Gujarat', '165712', 'India'),
(44, '77/03
Maharaj Road', 'Tumkur', 'Manipur', '082677', 'India'),
(45, 'H.No. 093
Dugal Street', 'Suryapet', 'Maharashtra', '345401', 'India'),
(46, '171, Krish Street', 'Danapur', 'Tamil Nadu', '938026', 'India'),
(47, '77
Kari Ganj', 'Yamunanagar', 'Gujarat', '206724', 'India'),
(48, 'H.No. 465, Deol Circle', 'Ichalkaranji', 'Telangana', '004991', 'India'),
(49, '97/27
Khurana Circle', 'Thoothukudi', 'Nagaland', '547887', 'India'),
(50, '53
Mangal Ganj', 'Muzaffarpur', 'West Bengal', '287431', 'India'),
(51, 'H.No. 576
Saini Marg', 'Shimla', 'Arunachal Pradesh', '527420', 'India'),
(52, '95/17, Lall Zila', 'Kanpur', 'Telangana', '549329', 'India'),
(53, '21, Srinivas Chowk', 'Sonipat', 'Punjab', '668516', 'India'),
(54, '15/865
Viswanathan Chowk', 'Tadipatri', 'Assam', '122753', 'India'),
(55, '43/161, Kapadia Zila', 'Dewas', 'Andhra Pradesh', '046374', 'India'),
(56, 'H.No. 04, Grover Path', 'Ulhasnagar', 'Haryana', '549904', 'India'),
(57, '22/21
Virk', 'Udupi', 'Sikkim', '530174', 'India'),
(58, '92, Kashyap Ganj', 'Jaunpur', 'Himachal Pradesh', '268414', 'India'),
(59, '48, Bansal Street', 'Hapur', 'Odisha', '593327', 'India'),
(60, '64/743
Varkey Marg', 'Aligarh', 'Haryana', '279568', 'India'),
(61, '59/44
Thakkar Nagar', 'Panipat', 'Andhra Pradesh', '783391', 'India'),
(62, '74/39, Choudhary Path', 'Udupi', 'Himachal Pradesh', '878519', 'India'),
(63, '10/470, Gopal', 'Mysore', 'Jharkhand', '108839', 'India'),
(64, '62/328
Lanka Path', 'Dehradun', 'Himachal Pradesh', '822587', 'India'),
(65, 'H.No. 51
Barad Chowk', 'Kamarhati', 'West Bengal', '139718', 'India'),
(66, '51/60
Loyal Road', 'Malda', 'Kerala', '707286', 'India'),
(67, '65/13
Arora Chowk', 'Phagwara', 'Haryana', '790874', 'India'),
(68, '74/612, Bahl Nagar', 'Kumbakonam', 'Bihar', '064039', 'India'),
(69, '826, Goyal Chowk', 'Dharmavaram', 'Telangana', '106518', 'India'),
(70, '17, Jani', 'Patna', 'Tamil Nadu', '017046', 'India'),
(71, '773
Bawa Path', 'Tinsukia', 'Rajasthan', '226567', 'India'),
(72, 'H.No. 643
Vala Zila', 'Mysore', 'Sikkim', '661825', 'India'),
(73, '90/053, Srivastava Street', 'Coimbatore', 'Uttarakhand', '128682', 'India'),
(74, '33/52, Agarwal', 'Ulhasnagar', 'Chhattisgarh', '300478', 'India'),
(75, '102
Gola Nagar', 'Giridih', 'Karnataka', '686337', 'India'),
(76, '402, Lall Marg', 'Rajkot', 'Meghalaya', '524310', 'India'),
(77, 'H.No. 89
Kara Zila', 'Srikakulam', 'Arunachal Pradesh', '690331', 'India'),
(78, '00
Vaidya Chowk', 'Purnia', 'Sikkim', '190790', 'India'),
(79, '71, Dyal Zila', 'Amritsar', 'Chhattisgarh', '306738', 'India'),
(80, '98/56
Lanka', 'Malda', 'Mizoram', '302843', 'India'),
(81, 'H.No. 183
Kara Marg', 'Haridwar', 'Karnataka', '959953', 'India'),
(82, '61
Kala Path', 'Rohtak', 'Kerala', '428364', 'India'),
(83, '71/111, Bava Marg', 'Bikaner', 'Nagaland', '408926', 'India'),
(84, '88/51, Goel Marg', 'Faridabad', 'Jharkhand', '870568', 'India'),
(85, 'H.No. 19
Cherian Circle', 'Ongole', 'Haryana', '566246', 'India'),
(86, 'H.No. 85, Singh Zila', 'Chapra', 'Haryana', '287334', 'India'),
(87, '99/80
Saha', 'Bhopal', 'Goa', '270866', 'India'),
(88, '45/502
Mandal Street', 'Coimbatore', 'Chhattisgarh', '882634', 'India'),
(89, 'H.No. 836, Karan Marg', 'Sangli-Miraj & Kupwad', 'Kerala', '351751', 'India'),
(90, '59/910
Brar Street', 'Jodhpur', 'Himachal Pradesh', '830469', 'India'),
(91, '67/976
Chokshi Road', 'Hapur', 'Maharashtra', '901398', 'India'),
(92, 'H.No. 97, Sama Circle', 'Ranchi', 'Haryana', '373540', 'India'),
(93, '00/34
Sinha Ganj', 'Rohtak', 'Jharkhand', '331739', 'India'),
(94, 'H.No. 076
Bhattacharyya Street', 'Katihar', 'Tamil Nadu', '363854', 'India'),
(95, '85/16, Kamdar Nagar', 'Jaunpur', 'Assam', '678544', 'India'),
(96, '69/66
Bhandari Road', 'Jaipur', 'Karnataka', '587717', 'India'),
(97, '75/16, Dara Zila', 'Giridih', 'Madhya Pradesh', '535560', 'India'),
(98, '45, Ganesan Ganj', 'Solapur', 'Mizoram', '932048', 'India'),
(99, '83/55, Dalal Street', 'Ulhasnagar', 'Himachal Pradesh', '996423', 'India'),
(100, '921, Som Street', 'Madhyamgram', 'Tripura', '536937', 'India'),
(101, '99/552
Bandi Chowk', 'Mango', 'Rajasthan', '854777', 'India'),
(102, 'H.No. 90
Kulkarni Path', 'Tirupati', 'Manipur', '252287', 'India'),
(103, 'H.No. 054
Roy Zila', 'Srikakulam', 'Punjab', '280801', 'India'),
(104, '98
Kar Nagar', 'Pondicherry', 'Punjab', '006231', 'India'),
(105, '20/71
Saxena Path', 'Dibrugarh', 'Rajasthan', '203875', 'India'),
(106, 'H.No. 377, Lal Circle', 'Bharatpur', 'Kerala', '099770', 'India'),
(107, '65
Bal', 'Amritsar', 'Karnataka', '088600', 'India'),
(108, '64/49, Ganesan Street', 'Ballia', 'Sikkim', '848408', 'India'),
(109, 'H.No. 46, Rajan Street', 'Tirupati', 'Nagaland', '621182', 'India'),
(110, '52/816
Golla Circle', 'Mirzapur', 'Jharkhand', '339845', 'India'),
(111, '573, Biswas Ganj', 'Solapur', 'Jharkhand', '461567', 'India'),
(112, '88/05, Bhatti', 'Jamnagar', 'Goa', '933410', 'India'),
(113, '92/706, Sandhu Path', 'Raiganj', 'Punjab', '166687', 'India'),
(114, '73/834
Zacharia Chowk', 'Arrah', 'Sikkim', '002176', 'India'),
(115, '46
Lalla Circle', 'Nanded', 'Uttarakhand', '591803', 'India'),
(116, '24/07, Malhotra Path', 'Hazaribagh', 'West Bengal', '397401', 'India'),
(117, 'H.No. 12, Kar Road', 'Junagadh', 'Assam', '489025', 'India'),
(118, '50, Bala Marg', 'Ambala', 'Kerala', '039261', 'India'),
(119, '15, Atwal Ganj', 'Navi Mumbai', 'Uttarakhand', '429396', 'India'),
(120, '204
Sarin Chowk', 'Nandyal', 'Manipur', '856218', 'India'),
(121, 'H.No. 043, Mahal Street', 'Bhubaneswar', 'Tripura', '501631', 'India'),
(122, '410
Kadakia Ganj', 'Rajkot', 'Bihar', '599965', 'India'),
(123, '80/89
Sekhon Ganj', 'Jalna', 'Maharashtra', '047735', 'India'),
(124, '53/96, Salvi Street', 'Loni', 'Kerala', '866296', 'India'),
(125, '88/88, Hayer Nagar', 'Varanasi', 'Rajasthan', '194311', 'India'),
(126, 'H.No. 40
Subramaniam Path', 'Hapur', 'Haryana', '426265', 'India'),
(127, '52/05, Gara Circle', 'Madhyamgram', 'Tamil Nadu', '511047', 'India'),
(128, '22/170
Chaudhuri Road', 'Kollam', 'Arunachal Pradesh', '541212', 'India'),
(129, 'H.No. 86
Khalsa Circle', 'Vadodara', 'Tripura', '678886', 'India'),
(130, 'H.No. 50, Deshpande Path', 'Arrah', 'Maharashtra', '101581', 'India'),
(131, '76/527
Gour Chowk', 'Gwalior', 'Telangana', '995604', 'India'),
(132, 'H.No. 692
Din Circle', 'Kota', 'Assam', '661839', 'India'),
(133, '44/796
Sant Street', 'Etawah', 'Manipur', '826224', 'India'),
(134, '59/640, Sampath Zila', 'Bharatpur', 'Mizoram', '447212', 'India'),
(135, 'H.No. 297, Bhatnagar Nagar', 'Noida', 'Tripura', '646471', 'India'),
(136, 'H.No. 69
Ramakrishnan Nagar', 'Hospet', 'Kerala', '543799', 'India'),
(137, '19
Lanka Street', 'Sikar', 'Karnataka', '371240', 'India'),
(138, '102
Lad Chowk', 'Kishanganj', 'Bihar', '659657', 'India'),
(139, 'H.No. 73
Dhar', 'Kollam', 'Bihar', '569245', 'India'),
(140, 'H.No. 727, Tailor Zila', 'Sri Ganganagar', 'Tamil Nadu', '937526', 'India'),
(141, '84/42, Sundaram Street', 'Danapur', 'Haryana', '547935', 'India'),
(142, '237, Gole Nagar', 'Bhind', 'Uttar Pradesh', '646519', 'India'),
(143, '11/46, Lall Chowk', 'Alappuzha', 'Uttarakhand', '398280', 'India'),
(144, '517, Sangha Chowk', 'Warangal', 'Uttarakhand', '737416', 'India'),
(145, '680, Lad Zila', 'Avadi', 'Goa', '724342', 'India'),
(146, 'H.No. 35, Wason Circle', 'Vijayawada', 'Himachal Pradesh', '661797', 'India'),
(147, '84/249, Batra Circle', 'Guntakal', 'Odisha', '968868', 'India'),
(148, '995, Bail', 'Jodhpur', 'Arunachal Pradesh', '058911', 'India'),
(149, '39/690
Walia Chowk', 'Barasat', 'Meghalaya', '352909', 'India'),
(150, '64/710, Kannan Street', 'Karawal Nagar', 'Manipur', '656101', 'India'),
(151, 'H.No. 92, Venkataraman Path', 'Hapur', 'Madhya Pradesh', '438889', 'India'),
(152, 'H.No. 88, Dutta Zila', 'Kirari Suleman Nagar', 'Bihar', '937567', 'India'),
(153, '32
Bakshi Zila', 'Yamunanagar', 'West Bengal', '982507', 'India'),
(154, '259
Chandran Path', 'Panchkula', 'Mizoram', '146112', 'India'),
(155, '47
Bath Nagar', 'Dibrugarh', 'Manipur', '545738', 'India'),
(156, '950, Dhaliwal Nagar', 'Kavali', 'Uttarakhand', '757177', 'India'),
(157, 'H.No. 80
Kale Zila', 'Bilaspur', 'Telangana', '514010', 'India'),
(158, '50
Bal Marg', 'Mirzapur', 'Nagaland', '512382', 'India'),
(159, 'H.No. 687
Dey Circle', 'Warangal', 'Bihar', '825867', 'India'),
(160, 'H.No. 58
Shroff Path', 'Davanagere', 'Punjab', '362266', 'India'),
(161, '00/02
Suri Path', 'Kadapa', 'Manipur', '093796', 'India'),
(162, '82/59, Bumb Path', 'Tadepalligudem', 'Telangana', '603341', 'India'),
(163, '58/88
Sathe Chowk', 'Fatehpur', 'Uttarakhand', '918255', 'India'),
(164, 'H.No. 51, Manne Marg', 'Indore', 'Punjab', '371478', 'India'),
(165, 'H.No. 99
Sen Ganj', 'Ballia', 'Meghalaya', '596969', 'India'),
(166, '96/23, Mangat Nagar', 'Jhansi', 'Andhra Pradesh', '155792', 'India'),
(167, 'H.No. 62
Sant Marg', 'Bulandshahr', 'Mizoram', '499125', 'India'),
(168, '02/838
Saini Path', 'Hajipur', 'Madhya Pradesh', '134125', 'India'),
(169, '785
Goel Circle', 'Phagwara', 'Meghalaya', '286692', 'India'),
(170, '484, Dixit Ganj', 'Dhule', 'Tamil Nadu', '966278', 'India'),
(171, 'H.No. 75
Sunder Circle', 'Tumkur', 'Bihar', '282742', 'India'),
(172, '52
Bail Road', 'Vijayawada', 'Kerala', '257905', 'India'),
(173, '47/338
Mand Road', 'Durgapur', 'Bihar', '072368', 'India'),
(174, '083, Bal Ganj', 'Haridwar', 'Karnataka', '876767', 'India'),
(175, 'H.No. 208
Jani Street', 'Morena', 'Rajasthan', '721903', 'India'),
(176, 'H.No. 54, Sodhi Nagar', 'Chapra', 'Haryana', '404384', 'India'),
(177, '620, Subramaniam Marg', 'Gaya', 'Telangana', '279788', 'India'),
(178, 'H.No. 049
Bera', 'Anantapuram', 'Manipur', '191485', 'India'),
(179, '874
Tailor Ganj', 'Bathinda', 'Goa', '807836', 'India'),
(180, '42/054
Sandal', 'Akola', 'Punjab', '134074', 'India'),
(181, '85
Iyer Zila', 'Udaipur', 'Chhattisgarh', '517133', 'India'),
(182, 'H.No. 30
Handa Road', 'Amroha', 'Tripura', '959629', 'India'),
(183, 'H.No. 49
Ahluwalia', 'Karimnagar', 'Tamil Nadu', '233095', 'India'),
(184, 'H.No. 174, Jain Street', 'Kochi', 'Rajasthan', '849825', 'India'),
(185, 'H.No. 93
Bhavsar Ganj', 'Jamnagar', 'Manipur', '449481', 'India'),
(186, '87
Suresh Circle', 'Shahjahanpur', 'Sikkim', '260422', 'India'),
(187, '78/51, Bhalla', 'Motihari', 'Mizoram', '325367', 'India'),
(188, '82/25, Kant Circle', 'Tiruppur', 'Tamil Nadu', '294667', 'India'),
(189, 'H.No. 870
Bhatti Chowk', 'Sirsa', 'Odisha', '116845', 'India'),
(190, '74/06, Taneja Road', 'Bellary', 'Odisha', '775901', 'India'),
(191, 'H.No. 651, Balan Circle', 'Chittoor', 'Arunachal Pradesh', '751863', 'India'),
(192, '22
Grover Marg', 'Sultan Pur Majra', 'West Bengal', '637454', 'India'),
(193, '18
Sachdeva Street', 'Kochi', 'Goa', '589297', 'India'),
(194, '23/00
Kata Road', 'Katihar', 'Madhya Pradesh', '500170', 'India'),
(195, '752, Chandra Road', 'Patna', 'Uttar Pradesh', '127706', 'India'),
(196, '03/31
Rajan Zila', 'Amroha', 'Punjab', '324241', 'India'),
(197, '067, Madan Ganj', 'Pimpri-Chinchwad', 'Chhattisgarh', '541520', 'India'),
(198, '959
Som', 'Patiala', 'Jharkhand', '643611', 'India'),
(199, '83/644, Mallick Nagar', 'Purnia', 'Nagaland', '037129', 'India'),
(200, 'H.No. 568
Sarin Path', 'Alappuzha', 'Chhattisgarh', '387005', 'India');

INSERT INTO products (product_id, name, description, category, price) VALUES
(1, 'Wireless Mouse', 'Innovative homogeneous contingency', 'Clothing', 2471.76),
(2, 'Bluetooth Speaker', 'Versatile national leverage', 'Kitchen', 1795.27),
(3, 'Yoga Mat', 'Front-line directional framework', 'Office', 361.91),
(4, 'Cotton T-shirt', 'Triple-buffered client-server workforce', 'Kitchen', 404.46),
(5, 'Running Shoes', 'Persistent analyzing open architecture', 'Clothing', 436.36),
(6, 'Laptop Backpack', 'Open-source intangible open architecture', 'Home', 2225.27),
(7, 'Notebook Set', 'Progressive client-driven info-mediaries', 'Fitness', 1079.26),
(8, 'LED Desk Lamp', 'Fully-configurable eco-centric database', 'Fitness', 1674.63),
(9, 'Coffee Mug', 'Managed secondary artificial intelligence', 'Fitness', 356.35),
(10, 'Mobile Charger', 'Organized holistic array', 'Electronics', 1602.73),
(11, 'Formal Shirt', 'Public-key uniform core', 'Fitness', 1211.23),
(12, 'Track Pants', 'Business-focused encompassing implementation', 'Accessories', 1643.58),
(13, 'Aluminum Laptop Stand', 'Synergistic real-time portal', 'Fitness', 2314.76),
(14, '32GB Pen Drive', 'Balanced asynchronous core', 'Office', 2176.91),
(15, 'Wireless Keyboard', 'Virtual optimizing success', 'Clothing', 2261.16),
(16, 'Smart Watch', 'Synchronized next generation data-warehouse', 'Fitness', 1929.62),
(17, 'Gaming Headset', 'Polarized demand-driven groupware', 'Kitchen', 1007.53),
(18, 'Steel Water Bottle', 'Innovative 24/7 data-warehouse', 'Kitchen', 922.36),
(19, 'Ergonomic Office Chair', 'Ergonomic user-facing capability', 'Fitness', 768.91),
(20, 'Tablet Sleeve', 'User-friendly web-enabled matrices', 'Clothing', 769.78),
(21, 'Noise Cancelling Earbuds', 'Fully-configurable tangible portal', 'Stationery', 1990.63),
(22, 'Smartphone Holder', 'Triple-buffered demand-driven infrastructure', 'Electronics', 2149.15),
(23, 'Portable Hard Drive', 'Front-line neutral Graphic Interface', 'Stationery', 671.53),
(24, 'Electric Kettle', 'Vision-oriented executive implementation', 'Accessories', 1919.04),
(25, 'Hair Dryer', 'Persistent national projection', 'Stationery', 1685.19),
(26, 'Wall Clock', 'Multi-channeled fault-tolerant firmware', 'Accessories', 1337.24),
(27, 'Photo Frame Set', 'Multi-lateral multimedia methodology', 'Clothing', 753.49),
(28, 'USB Hub 4-Port', 'Persistent bandwidth-monitored website', 'Clothing', 1414.06),
(29, 'HDMI Cable', 'Up-sized methodical task-force', 'Electronics', 2468.83),
(30, 'Desk Organizer', 'Intuitive demand-driven hub', 'Home', 502.56),
(31, 'Sticky Notes Pack', 'Intuitive incremental analyzer', 'Kitchen', 1039.45),
(32, 'Ballpoint Pen Set', 'Re-contextualized directional support', 'Fitness', 1953.27),
(33, 'Key Holder', 'Digitized 3rdgeneration firmware', 'Clothing', 237.39),
(34, 'Power Strip', 'Reactive optimal paradigm', 'Clothing', 230.72),
(35, 'LED Strip Light', 'Up-sized intangible frame', 'Accessories', 290.6),
(36, 'Portable Fan', 'Distributed dedicated groupware', 'Electronics', 2380.96),
(37, 'Foldable Table', 'Focused homogeneous open system', 'Kitchen', 1364.2),
(38, 'Back Support Cushion', 'Fully-configurable modular neural-net', 'Kitchen', 1173.22),
(39, 'Monitor Riser', 'Streamlined systemic Graphical User Interface', 'Kitchen', 388.58),
(40, 'Clip-on Ring Light', 'Function-based well-modulated matrix', 'Fitness', 837.18),
(41, 'Shoe Rack', 'Up-sized secondary support', 'Stationery', 380.75),
(42, 'Hand Towel Set', 'Pre-emptive logistical concept', 'Accessories', 2439.92),
(43, 'Cutlery Set', 'Upgradable heuristic concept', 'Fitness', 1432.7),
(44, 'Water Jug', 'Devolved uniform moratorium', 'Kitchen', 1547.81),
(45, 'Wall Shelf', 'Pre-emptive contextually-based moratorium', 'Clothing', 912.39),
(46, 'Electric Toothbrush', 'Stand-alone analyzing moderator', 'Kitchen', 1877.9),
(47, 'Face Towels', 'Automated asynchronous secured line', 'Accessories', 332.18),
(48, 'Fitness Resistance Bands', 'Business-focused well-modulated ability', 'Clothing', 2325.64),
(49, 'Jump Rope', 'Open-source client-driven product', 'Clothing', 1241.76),
(50, 'Whey Protein Jar', 'Focused asymmetric strategy', 'Electronics', 910.37),
(51, 'Foam Roller', 'Distributed 24/7 data-warehouse', 'Fitness', 473.72),
(52, 'Pull-up Bar', 'Profit-focused logistical hub', 'Fitness', 1812.45),
(53, 'Push-up Stand', 'Centralized regional productivity', 'Fitness', 1340.75),
(54, 'Smart Scale', 'Synchronized reciprocal matrices', 'Home', 1401.91),
(55, 'Ankle Weights', 'Switchable mobile adapter', 'Stationery', 583.01),
(56, 'Wireless Doorbell', 'Adaptive national neural-net', 'Fitness', 1923.49),
(57, 'Extension Cord', 'Open-source 24/7 adapter', 'Stationery', 1884.75),
(58, 'Rechargeable Battery Pack', 'Progressive uniform focus group', 'Clothing', 1973.29),
(59, 'Smart Plug', 'Public-key executive adapter', 'Electronics', 969.53),
(60, 'Portable Blender', 'Profit-focused tangible service-desk', 'Kitchen', 824.56),
(61, 'Microwave Cover', 'Optional context-sensitive benchmark', 'Clothing', 803.78),
(62, 'Glass Storage Jars', 'Cross-platform multi-tasking collaboration', 'Clothing', 1340.14),
(63, 'Oil Dispenser', 'Front-line content-based process improvement', 'Home', 326.51),
(64, 'Food Chopper', 'Progressive eco-centric help-desk', 'Fitness', 1044.68),
(65, 'Laundry Basket', 'Future-proofed hybrid artificial intelligence', 'Stationery', 1977.66),
(66, 'Toilet Brush Set', 'Multi-layered impactful knowledgebase', 'Clothing', 724.33),
(67, 'Cleaning Gloves', 'Re-contextualized dynamic standardization', 'Electronics', 300.29),
(68, 'Microfiber Cloths', 'Face-to-face exuding software', 'Electronics', 761.47),
(69, 'Dish Rack', 'Configurable solution-oriented projection', 'Office', 1036.15),
(70, 'Broom & Dustpan', 'Virtual 5thgeneration array', 'Fitness', 610.61),
(71, 'Vacuum Flask', 'Open-architected homogeneous implementation', 'Electronics', 1470.59),
(72, 'Thermos Bottle', 'Reactive methodical approach', 'Kitchen', 715.39),
(73, 'Wireless Charging Pad', 'Sharable 24/7 standardization', 'Accessories', 1156.39),
(74, 'Keyboard Wrist Rest', 'Down-sized attitude-oriented methodology', 'Home', 822.89),
(75, 'Mouse Pad', 'Optional secondary toolset', 'Clothing', 1513.53),
(76, 'Desk Mat', 'Managed non-volatile attitude', 'Clothing', 1353.69),
(77, 'Cable Clips', 'Progressive 6thgeneration emulation', 'Electronics', 611.49),
(78, 'Phone Stand', 'Extended system-worthy open system', 'Electronics', 2393.38),
(79, 'Tablet Stand', 'Phased encompassing analyzer', 'Clothing', 2216.08),
(80, 'Laptop Sleeve', 'Compatible systemic focus group', 'Stationery', 1978.11);

INSERT INTO inventory (product_id, quantity, stock_status) VALUES
(1, 19, 'ok'),
(2, 20, 'ok'),
(3, 5, 'low'),
(4, 35, 'ok'),
(5, 29, 'ok'),
(6, 0, 'low'),
(7, 23, 'ok'),
(8, 12, 'ok'),
(9, 18, 'ok'),
(10, 36, 'ok'),
(11, 50, 'ok'),
(12, 19, 'ok'),
(13, 47, 'ok'),
(14, 39, 'ok'),
(15, 15, 'ok'),
(16, 29, 'ok'),
(17, 23, 'ok'),
(18, 37, 'ok'),
(19, 31, 'ok'),
(20, 49, 'ok'),
(21, 49, 'ok'),
(22, 12, 'ok'),
(23, 46, 'ok'),
(24, 34, 'ok'),
(25, 48, 'ok'),
(26, 50, 'ok'),
(27, 15, 'ok'),
(28, 9, 'low'),
(29, 0, 'low'),
(30, 26, 'ok'),
(31, 1, 'low'),
(32, 14, 'ok'),
(33, 34, 'ok'),
(34, 22, 'ok'),
(35, 40, 'ok'),
(36, 44, 'ok'),
(37, 0, 'low'),
(38, 21, 'ok'),
(39, 0, 'low'),
(40, 48, 'ok'),
(41, 42, 'ok'),
(42, 24, 'ok'),
(43, 47, 'ok'),
(44, 46, 'ok'),
(45, 19, 'ok'),
(46, 6, 'low'),
(47, 13, 'ok'),
(48, 33, 'ok'),
(49, 15, 'ok'),
(50, 26, 'ok'),
(51, 31, 'ok'),
(52, 3, 'low'),
(53, 9, 'low'),
(54, 45, 'ok'),
(55, 17, 'ok'),
(56, 5, 'low'),
(57, 2, 'low'),
(58, 14, 'ok'),
(59, 33, 'ok'),
(60, 26, 'ok'),
(61, 44, 'ok'),
(62, 23, 'ok'),
(63, 29, 'ok'),
(64, 47, 'ok'),
(65, 5, 'low'),
(66, 37, 'ok'),
(67, 6, 'low'),
(68, 32, 'ok'),
(69, 8, 'low'),
(70, 40, 'ok'),
(71, 25, 'ok'),
(72, 4, 'low'),
(73, 37, 'ok'),
(74, 36, 'ok'),
(75, 3, 'low'),
(76, 27, 'ok'),
(77, 42, 'ok'),
(78, 8, 'low'),
(79, 15, 'ok'),
(80, 18, 'ok');

INSERT INTO orders (user_id, order_date, status) VALUES
(67, '2025-04-24', 'delivered'),
(101, '2025-04-26', 'delivered'),
(82, '2025-03-06', 'cancelled'),
(70, '2025-03-20', 'shipped'),
(20, '2025-04-02', 'shipped'),
(35, '2025-03-04', 'pending'),
(40, '2025-03-23', 'pending'),
(43, '2025-04-28', 'cancelled'),
(120, '2025-03-16', 'delivered'),
(105, '2025-04-10', 'pending'),
(138, '2025-03-10', 'delivered'),
(198, '2025-04-01', 'shipped'),
(116, '2025-03-18', 'delivered'),
(119, '2025-04-26', 'delivered'),
(31, '2025-03-26', 'pending'),
(41, '2025-04-27', 'delivered'),
(181, '2025-04-09', 'pending'),
(56, '2025-04-24', 'delivered'),
(38, '2025-04-04', 'pending'),
(183, '2025-04-09', 'shipped'),
(92, '2025-03-16', 'cancelled'),
(132, '2025-03-10', 'pending'),
(174, '2025-04-20', 'delivered'),
(67, '2025-04-05', 'shipped'),
(8, '2025-03-08', 'cancelled'),
(116, '2025-03-12', 'shipped'),
(25, '2025-04-14', 'cancelled'),
(27, '2025-03-25', 'shipped'),
(32, '2025-03-10', 'pending'),
(16, '2025-04-05', 'shipped'),
(34, '2025-04-30', 'shipped'),
(103, '2025-05-01', 'delivered'),
(176, '2025-04-29', 'pending'),
(150, '2025-04-10', 'delivered'),
(20, '2025-04-03', 'pending'),
(17, '2025-03-05', 'shipped'),
(166, '2025-03-29', 'cancelled'),
(33, '2025-04-15', 'pending'),
(85, '2025-04-19', 'pending'),
(11, '2025-03-25', 'cancelled'),
(13, '2025-04-06', 'shipped'),
(147, '2025-04-25', 'cancelled'),
(186, '2025-04-08', 'cancelled'),
(128, '2025-04-13', 'pending'),
(98, '2025-03-21', 'cancelled'),
(45, '2025-04-28', 'delivered'),
(55, '2025-04-08', 'shipped'),
(71, '2025-03-11', 'delivered'),
(115, '2025-03-31', 'shipped'),
(9, '2025-03-26', 'shipped'),
(166, '2025-03-10', 'delivered'),
(128, '2025-03-10', 'cancelled'),
(141, '2025-03-29', 'cancelled'),
(16, '2025-03-17', 'pending'),
(72, '2025-04-08', 'cancelled'),
(36, '2025-03-17', 'cancelled'),
(52, '2025-04-09', 'shipped'),
(162, '2025-04-02', 'pending'),
(98, '2025-04-07', 'delivered'),
(123, '2025-03-13', 'cancelled'),
(89, '2025-03-11', 'delivered'),
(100, '2025-03-03', 'delivered'),
(47, '2025-04-01', 'pending'),
(82, '2025-04-15', 'shipped'),
(8, '2025-04-06', 'delivered'),
(15, '2025-03-29', 'cancelled'),
(136, '2025-03-12', 'delivered'),
(197, '2025-03-15', 'shipped'),
(41, '2025-03-11', 'pending'),
(64, '2025-03-21', 'shipped'),
(69, '2025-04-13', 'pending'),
(196, '2025-04-15', 'shipped'),
(148, '2025-04-26', 'cancelled'),
(91, '2025-04-25', 'shipped'),
(46, '2025-04-21', 'shipped'),
(152, '2025-04-11', 'delivered'),
(189, '2025-03-13', 'delivered'),
(152, '2025-03-05', 'pending'),
(181, '2025-03-11', 'delivered'),
(146, '2025-04-06', 'shipped'),
(145, '2025-04-25', 'shipped'),
(127, '2025-03-12', 'delivered'),
(45, '2025-04-29', 'cancelled'),
(10, '2025-04-30', 'pending'),
(15, '2025-04-03', 'shipped'),
(155, '2025-04-09', 'shipped'),
(6, '2025-03-04', 'cancelled'),
(1, '2025-03-31', 'delivered'),
(158, '2025-04-12', 'shipped'),
(34, '2025-04-09', 'delivered'),
(184, '2025-03-11', 'shipped'),
(83, '2025-04-26', 'pending'),
(6, '2025-03-26', 'shipped'),
(151, '2025-04-27', 'shipped'),
(199, '2025-04-22', 'pending'),
(135, '2025-03-19', 'delivered'),
(19, '2025-04-08', 'delivered'),
(181, '2025-03-19', 'cancelled'),
(151, '2025-03-16', 'pending'),
(87, '2025-03-29', 'delivered'),
(83, '2025-04-01', 'shipped'),
(41, '2025-03-29', 'cancelled'),
(164, '2025-04-19', 'cancelled'),
(167, '2025-03-17', 'delivered'),
(45, '2025-03-09', 'delivered'),
(58, '2025-03-19', 'shipped'),
(97, '2025-04-14', 'delivered'),
(188, '2025-03-29', 'delivered'),
(33, '2025-04-12', 'shipped'),
(187, '2025-04-01', 'pending'),
(180, '2025-04-19', 'cancelled'),
(198, '2025-03-10', 'pending'),
(47, '2025-04-07', 'delivered'),
(157, '2025-03-27', 'shipped'),
(164, '2025-03-26', 'pending'),
(128, '2025-04-20', 'shipped'),
(85, '2025-04-29', 'pending'),
(61, '2025-05-01', 'delivered'),
(82, '2025-03-21', 'shipped'),
(163, '2025-04-16', 'pending'),
(182, '2025-03-13', 'delivered'),
(115, '2025-03-16', 'pending'),
(68, '2025-04-01', 'shipped'),
(64, '2025-03-03', 'pending'),
(90, '2025-04-10', 'delivered'),
(28, '2025-04-04', 'pending'),
(13, '2025-04-08', 'cancelled'),
(113, '2025-04-03', 'cancelled'),
(43, '2025-04-14', 'cancelled'),
(127, '2025-04-04', 'cancelled'),
(90, '2025-04-13', 'cancelled'),
(26, '2025-04-29', 'cancelled'),
(148, '2025-03-16', 'shipped'),
(42, '2025-04-01', 'cancelled'),
(19, '2025-04-03', 'pending'),
(76, '2025-04-30', 'pending'),
(82, '2025-03-22', 'delivered'),
(27, '2025-04-18', 'pending'),
(88, '2025-04-02', 'shipped'),
(97, '2025-03-20', 'shipped'),
(188, '2025-04-10', 'pending'),
(141, '2025-04-02', 'pending'),
(87, '2025-03-31', 'cancelled'),
(181, '2025-04-19', 'pending'),
(111, '2025-04-27', 'shipped'),
(156, '2025-03-26', 'cancelled'),
(41, '2025-04-03', 'pending'),
(26, '2025-04-08', 'delivered'),
(53, '2025-03-30', 'shipped'),
(105, '2025-04-10', 'delivered'),
(170, '2025-04-07', 'delivered'),
(77, '2025-03-14', 'shipped'),
(25, '2025-04-26', 'pending'),
(101, '2025-03-22', 'cancelled'),
(40, '2025-04-29', 'pending'),
(93, '2025-04-24', 'pending'),
(110, '2025-03-20', 'pending'),
(76, '2025-04-25', 'cancelled'),
(52, '2025-03-05', 'pending'),
(7, '2025-04-16', 'shipped'),
(44, '2025-03-23', 'delivered'),
(21, '2025-04-14', 'cancelled'),
(30, '2025-03-31', 'delivered'),
(102, '2025-03-09', 'cancelled'),
(126, '2025-04-11', 'delivered'),
(24, '2025-04-20', 'cancelled'),
(48, '2025-03-16', 'delivered'),
(98, '2025-04-01', 'delivered'),
(48, '2025-03-26', 'cancelled'),
(12, '2025-03-27', 'delivered'),
(113, '2025-03-17', 'cancelled'),
(68, '2025-04-13', 'shipped'),
(69, '2025-04-08', 'pending'),
(39, '2025-03-10', 'pending'),
(22, '2025-04-15', 'delivered'),
(139, '2025-04-30', 'cancelled'),
(194, '2025-04-18', 'shipped'),
(142, '2025-04-28', 'pending'),
(100, '2025-04-10', 'cancelled'),
(138, '2025-04-23', 'cancelled'),
(147, '2025-04-21', 'shipped'),
(122, '2025-04-12', 'delivered'),
(21, '2025-04-24', 'cancelled'),
(183, '2025-03-06', 'pending'),
(129, '2025-04-06', 'shipped'),
(31, '2025-04-24', 'cancelled'),
(45, '2025-04-29', 'shipped'),
(55, '2025-03-11', 'shipped'),
(33, '2025-03-13', 'pending'),
(109, '2025-03-27', 'pending'),
(175, '2025-04-06', 'cancelled'),
(52, '2025-03-19', 'shipped'),
(153, '2025-05-01', 'delivered'),
(82, '2025-03-07', 'pending'),
(23, '2025-04-26', 'cancelled'),
(143, '2025-04-10', 'cancelled'),
(142, '2025-04-04', 'delivered'),
(71, '2025-04-13', 'cancelled'),
(4, '2025-03-13', 'cancelled'),
(29, '2025-03-04', 'cancelled'),
(39, '2025-03-12', 'shipped'),
(146, '2025-03-28', 'pending'),
(28, '2025-03-24', 'pending'),
(74, '2025-04-21', 'delivered'),
(106, '2025-04-22', 'delivered'),
(99, '2025-04-26', 'cancelled'),
(147, '2025-04-28', 'cancelled'),
(10, '2025-04-27', 'shipped'),
(71, '2025-03-24', 'cancelled'),
(37, '2025-04-15', 'cancelled'),
(10, '2025-04-08', 'cancelled'),
(85, '2025-04-09', 'shipped'),
(13, '2025-04-16', 'cancelled'),
(69, '2025-04-29', 'delivered'),
(6, '2025-04-20', 'delivered'),
(78, '2025-03-17', 'delivered'),
(72, '2025-04-05', 'cancelled'),
(179, '2025-03-05', 'pending'),
(59, '2025-04-18', 'shipped'),
(77, '2025-03-13', 'cancelled'),
(199, '2025-03-31', 'delivered'),
(69, '2025-04-12', 'cancelled'),
(155, '2025-03-11', 'pending'),
(49, '2025-03-14', 'cancelled'),
(55, '2025-03-16', 'cancelled'),
(190, '2025-04-05', 'cancelled'),
(195, '2025-04-02', 'delivered'),
(15, '2025-04-05', 'shipped'),
(17, '2025-04-16', 'delivered'),
(182, '2025-03-23', 'cancelled'),
(35, '2025-04-22', 'pending'),
(45, '2025-04-18', 'shipped'),
(52, '2025-04-05', 'pending'),
(64, '2025-04-18', 'pending'),
(117, '2025-03-12', 'pending'),
(93, '2025-04-14', 'shipped'),
(71, '2025-04-15', 'delivered'),
(119, '2025-04-02', 'cancelled'),
(163, '2025-03-09', 'pending'),
(175, '2025-04-01', 'pending'),
(62, '2025-03-07', 'delivered'),
(126, '2025-03-14', 'cancelled'),
(46, '2025-03-05', 'cancelled'),
(151, '2025-04-05', 'delivered'),
(89, '2025-03-13', 'shipped'),
(67, '2025-03-18', 'pending'),
(73, '2025-03-26', 'pending'),
(99, '2025-04-22', 'pending'),
(42, '2025-03-19', 'shipped'),
(57, '2025-04-25', 'shipped'),
(174, '2025-03-18', 'shipped'),
(69, '2025-04-04', 'cancelled'),
(132, '2025-04-26', 'pending'),
(200, '2025-04-13', 'pending'),
(122, '2025-04-16', 'shipped'),
(166, '2025-03-25', 'shipped'),
(154, '2025-04-11', 'pending'),
(58, '2025-03-20', 'delivered'),
(156, '2025-03-21', 'delivered'),
(183, '2025-04-13', 'delivered'),
(109, '2025-04-10', 'cancelled'),
(90, '2025-03-05', 'cancelled'),
(65, '2025-05-01', 'shipped'),
(120, '2025-03-22', 'delivered'),
(174, '2025-04-15', 'cancelled'),
(150, '2025-04-29', 'pending'),
(2, '2025-04-13', 'delivered'),
(144, '2025-04-09', 'delivered'),
(77, '2025-03-03', 'pending'),
(124, '2025-03-23', 'pending'),
(87, '2025-03-22', 'delivered'),
(164, '2025-03-30', 'delivered'),
(71, '2025-03-09', 'delivered'),
(168, '2025-04-28', 'delivered'),
(49, '2025-03-12', 'shipped'),
(133, '2025-04-24', 'shipped'),
(15, '2025-03-21', 'cancelled'),
(170, '2025-04-07', 'delivered'),
(175, '2025-04-03', 'shipped'),
(185, '2025-03-22', 'pending'),
(168, '2025-04-16', 'cancelled'),
(76, '2025-03-14', 'delivered'),
(108, '2025-03-28', 'cancelled'),
(100, '2025-04-19', 'pending'),
(150, '2025-04-23', 'shipped'),
(88, '2025-04-02', 'shipped'),
(176, '2025-04-29', 'cancelled'),
(172, '2025-04-09', 'delivered'),
(130, '2025-05-01', 'delivered'),
(44, '2025-04-10', 'shipped'),
(76, '2025-04-28', 'pending'),
(121, '2025-03-14', 'shipped'),
(190, '2025-04-05', 'delivered'),
(186, '2025-04-06', 'shipped'),
(175, '2025-04-16', 'delivered'),
(168, '2025-05-01', 'pending'),
(57, '2025-03-19', 'delivered'),
(58, '2025-03-31', 'delivered'),
(108, '2025-05-01', 'delivered'),
(96, '2025-04-29', 'delivered'),
(150, '2025-03-11', 'delivered'),
(119, '2025-03-16', 'pending'),
(121, '2025-04-02', 'pending'),
(163, '2025-03-14', 'pending'),
(121, '2025-03-26', 'shipped'),
(129, '2025-04-01', 'pending'),
(175, '2025-03-14', 'cancelled'),
(136, '2025-03-20', 'delivered'),
(106, '2025-04-08', 'pending'),
(39, '2025-03-16', 'shipped'),
(52, '2025-04-21', 'delivered'),
(105, '2025-04-09', 'cancelled'),
(37, '2025-04-12', 'delivered'),
(184, '2025-04-29', 'shipped'),
(200, '2025-03-16', 'pending'),
(125, '2025-04-27', 'delivered'),
(162, '2025-04-09', 'shipped'),
(81, '2025-04-13', 'pending'),
(2, '2025-03-21', 'cancelled'),
(71, '2025-04-19', 'shipped'),
(195, '2025-04-24', 'shipped'),
(148, '2025-03-19', 'shipped'),
(126, '2025-04-25', 'pending'),
(34, '2025-03-19', 'cancelled'),
(163, '2025-04-19', 'cancelled'),
(104, '2025-03-31', 'cancelled'),
(123, '2025-03-16', 'cancelled'),
(2, '2025-03-21', 'pending'),
(137, '2025-04-02', 'shipped'),
(188, '2025-04-15', 'delivered'),
(4, '2025-03-08', 'delivered'),
(194, '2025-04-06', 'shipped'),
(5, '2025-03-03', 'pending'),
(161, '2025-04-19', 'shipped'),
(58, '2025-03-16', 'delivered'),
(80, '2025-03-21', 'shipped'),
(27, '2025-04-09', 'cancelled'),
(129, '2025-04-26', 'delivered'),
(43, '2025-04-21', 'pending'),
(12, '2025-04-20', 'delivered'),
(75, '2025-04-11', 'cancelled'),
(187, '2025-04-19', 'delivered'),
(112, '2025-04-12', 'shipped'),
(88, '2025-04-15', 'cancelled'),
(92, '2025-04-19', 'shipped'),
(43, '2025-03-19', 'cancelled'),
(5, '2025-03-11', 'shipped'),
(58, '2025-04-26', 'shipped'),
(55, '2025-03-05', 'pending'),
(151, '2025-03-24', 'shipped'),
(32, '2025-03-31', 'delivered'),
(183, '2025-03-06', 'pending'),
(97, '2025-03-29', 'delivered'),
(198, '2025-03-24', 'pending'),
(153, '2025-04-24', 'pending'),
(170, '2025-03-31', 'pending'),
(168, '2025-03-19', 'pending'),
(13, '2025-04-16', 'pending'),
(107, '2025-04-26', 'cancelled'),
(98, '2025-04-20', 'pending'),
(141, '2025-04-25', 'delivered'),
(122, '2025-04-21', 'shipped'),
(53, '2025-03-13', 'pending'),
(78, '2025-04-27', 'cancelled'),
(170, '2025-03-14', 'pending'),
(170, '2025-03-29', 'delivered'),
(160, '2025-04-24', 'shipped'),
(108, '2025-04-07', 'pending'),
(131, '2025-04-24', 'pending'),
(73, '2025-03-07', 'pending'),
(28, '2025-04-14', 'cancelled'),
(51, '2025-04-25', 'shipped'),
(200, '2025-03-24', 'delivered'),
(134, '2025-04-13', 'shipped'),
(92, '2025-03-12', 'cancelled'),
(76, '2025-03-27', 'shipped'),
(11, '2025-03-31', 'cancelled'),
(54, '2025-03-06', 'cancelled'),
(85, '2025-04-15', 'shipped'),
(1, '2025-03-28', 'pending'),
(172, '2025-04-05', 'pending'),
(29, '2025-03-11', 'cancelled'),
(39, '2025-04-14', 'pending'),
(200, '2025-03-14', 'pending'),
(186, '2025-03-26', 'pending'),
(66, '2025-03-23', 'shipped'),
(117, '2025-04-29', 'delivered'),
(68, '2025-04-06', 'cancelled'),
(13, '2025-05-01', 'pending'),
(45, '2025-04-13', 'pending'),
(75, '2025-03-19', 'delivered'),
(174, '2025-05-01', 'delivered'),
(110, '2025-03-16', 'pending'),
(25, '2025-03-23', 'pending'),
(3, '2025-03-23', 'shipped'),
(170, '2025-03-08', 'shipped'),
(85, '2025-04-27', 'delivered'),
(113, '2025-04-06', 'delivered'),
(188, '2025-04-23', 'pending'),
(96, '2025-03-30', 'delivered');

INSERT INTO order_items (order_id, product_id, quantity, price_per_unit) VALUES
(94, 15, 4, 1119.58),
(234, 35, 4, 1785.78),
(245, 54, 2, 459.03),
(357, 8, 2, 437.54),
(303, 62, 4, 615.9),
(195, 46, 1, 2182.92),
(373, 17, 4, 2315.92),
(58, 53, 4, 304.74),
(134, 41, 1, 1819.51),
(348, 68, 2, 2448.16),
(343, 44, 1, 1194.55),
(373, 32, 4, 994.22),
(347, 50, 2, 2128.78),
(286, 79, 1, 225.78),
(81, 65, 4, 2158.3),
(85, 10, 4, 936.46),
(170, 36, 1, 1364.94),
(282, 49, 4, 2078.34),
(41, 59, 4, 2041.9),
(230, 12, 4, 1227.26),
(61, 64, 1, 435.08),
(212, 5, 1, 2098.59),
(310, 80, 3, 2246.26),
(288, 27, 4, 2384.82),
(187, 7, 2, 2140.93),
(170, 72, 4, 1847.31),
(187, 58, 1, 423.11),
(338, 29, 1, 984.12),
(325, 38, 3, 1813.82),
(24, 22, 4, 522.03),
(368, 53, 1, 783.87),
(101, 25, 1, 2338.5),
(202, 28, 4, 2095.47),
(98, 44, 1, 1940.44),
(24, 76, 1, 1974.93),
(231, 59, 2, 2415.87),
(3, 68, 1, 1471.42),
(222, 75, 4, 2325.05),
(400, 23, 2, 1879.14),
(66, 14, 4, 1711.3),
(311, 42, 4, 1161.93),
(312, 32, 3, 1114.1),
(176, 38, 4, 2050.03),
(71, 53, 3, 2138.07),
(281, 41, 2, 661.04),
(320, 38, 3, 2317.74),
(68, 23, 3, 1832.81),
(390, 46, 4, 1539.45),
(342, 54, 3, 2217.2),
(217, 2, 1, 257.13),
(75, 7, 1, 658.78),
(385, 21, 3, 1770.8),
(75, 8, 3, 668.2),
(278, 5, 3, 2071.26),
(53, 79, 2, 1906.55),
(288, 50, 2, 1374.12),
(357, 37, 1, 2329.92),
(199, 54, 3, 2420.42),
(28, 2, 3, 666.1),
(400, 57, 2, 2295.42),
(361, 48, 2, 1984.14),
(100, 38, 4, 607.08),
(350, 10, 2, 2412.69),
(377, 66, 1, 1066.56),
(220, 36, 3, 498.15),
(300, 33, 1, 959.29),
(364, 20, 1, 552.52),
(166, 77, 1, 1978.42),
(321, 79, 3, 1327.27),
(294, 71, 3, 366.63),
(363, 41, 2, 2400.07),
(267, 9, 2, 1155.64),
(275, 52, 1, 1002.63),
(110, 43, 3, 1028.83),
(112, 80, 4, 2491.25),
(386, 2, 1, 1737.56),
(229, 31, 2, 2404.46),
(350, 42, 4, 2305.64),
(59, 50, 3, 1441.55),
(145, 4, 3, 1381.91),
(261, 58, 4, 299.86),
(334, 25, 3, 1380.96),
(50, 22, 1, 1640.95),
(108, 28, 4, 2121.03),
(106, 69, 4, 1686.09),
(37, 20, 1, 1255.22),
(170, 5, 1, 367.47),
(92, 33, 1, 1521.41),
(117, 34, 4, 1091.47),
(323, 52, 4, 926.73),
(200, 16, 1, 1674.27),
(317, 9, 1, 1811.03),
(38, 46, 1, 865.62),
(352, 39, 1, 846.49),
(225, 49, 4, 2089.88),
(16, 61, 2, 1425.98),
(70, 51, 3, 2407.31),
(74, 39, 3, 2401.0),
(6, 71, 2, 482.44),
(3, 74, 4, 1434.45),
(44, 40, 2, 1920.08),
(372, 45, 2, 1148.11),
(331, 66, 2, 569.2),
(114, 79, 3, 645.95),
(93, 73, 1, 2157.19),
(282, 60, 1, 867.5),
(35, 33, 1, 653.06),
(298, 63, 3, 1020.42),
(344, 31, 1, 854.82),
(36, 25, 3, 1316.48),
(169, 79, 3, 1793.95),
(79, 73, 3, 2056.71),
(220, 22, 1, 919.39),
(114, 56, 3, 2131.25),
(69, 43, 4, 1263.55),
(184, 40, 4, 1467.85),
(90, 78, 1, 2135.12),
(72, 69, 2, 804.44),
(321, 10, 1, 2250.84),
(260, 4, 4, 1968.16),
(109, 5, 3, 1448.98),
(277, 61, 2, 1040.38),
(115, 76, 3, 506.93),
(257, 66, 1, 1111.61),
(258, 2, 2, 2149.36),
(315, 22, 2, 1225.31),
(92, 73, 2, 1891.62),
(248, 46, 1, 702.28),
(250, 30, 1, 807.02),
(120, 6, 2, 1390.14),
(185, 50, 4, 2310.17),
(24, 6, 3, 436.42),
(267, 36, 3, 1529.85),
(292, 23, 4, 1702.45),
(188, 76, 1, 1387.32),
(193, 29, 4, 1010.67),
(177, 63, 4, 2239.5),
(4, 65, 2, 1210.77),
(118, 10, 3, 685.49),
(96, 21, 3, 1583.65),
(61, 30, 4, 2064.7),
(369, 15, 4, 1752.03),
(246, 27, 2, 1687.7),
(211, 3, 2, 298.23),
(294, 76, 2, 508.87),
(263, 6, 2, 327.6),
(133, 24, 4, 1577.52),
(289, 3, 3, 2377.68),
(111, 58, 4, 2193.8),
(88, 29, 4, 1580.93),
(299, 24, 3, 584.76),
(352, 44, 4, 1571.03),
(36, 30, 4, 1085.56),
(56, 3, 2, 1401.24),
(259, 54, 2, 1591.68),
(91, 61, 1, 2217.83),
(273, 65, 1, 413.34),
(338, 17, 1, 2262.03),
(397, 56, 4, 1050.87),
(23, 68, 4, 726.82),
(247, 49, 3, 1553.81),
(380, 74, 1, 1177.63),
(131, 62, 2, 2292.2),
(43, 37, 4, 791.95),
(3, 1, 1, 1394.45),
(193, 27, 3, 1139.34),
(55, 20, 4, 1697.62),
(130, 34, 4, 1497.74),
(314, 36, 4, 1935.44),
(212, 71, 4, 610.06),
(287, 72, 4, 782.69),
(158, 74, 3, 1979.65),
(204, 18, 1, 1918.97),
(229, 21, 1, 692.25),
(206, 44, 1, 568.7),
(326, 1, 1, 2092.49),
(242, 77, 4, 401.72),
(135, 29, 3, 383.09),
(20, 50, 4, 1611.12),
(267, 37, 1, 2374.15),
(90, 64, 4, 223.63),
(337, 67, 3, 646.92),
(307, 66, 2, 1613.94),
(346, 5, 3, 749.29),
(1, 21, 1, 2491.68),
(400, 52, 3, 1739.22),
(208, 76, 2, 1389.81),
(378, 9, 1, 1463.06),
(372, 72, 3, 998.19),
(142, 29, 2, 1244.95),
(207, 74, 1, 799.55),
(209, 65, 1, 1483.85),
(258, 38, 3, 2377.14),
(263, 33, 3, 1795.64),
(194, 73, 4, 1969.92),
(388, 44, 4, 1766.67),
(301, 4, 4, 466.42),
(35, 49, 2, 1755.9),
(118, 41, 4, 2396.53),
(265, 69, 1, 1810.88),
(135, 32, 3, 412.92),
(345, 44, 1, 1474.47),
(92, 61, 3, 1012.14),
(294, 35, 2, 2377.37),
(350, 25, 4, 1894.36),
(121, 31, 3, 674.59),
(104, 32, 3, 557.79),
(55, 16, 1, 1753.37),
(340, 64, 1, 1956.76),
(278, 6, 4, 1052.75),
(162, 64, 3, 1327.85),
(392, 66, 3, 1114.12),
(385, 74, 2, 323.54),
(217, 62, 1, 1354.69),
(202, 23, 4, 2444.97),
(358, 67, 4, 925.0),
(5, 2, 2, 1071.68),
(52, 42, 3, 1608.39),
(133, 24, 3, 744.42),
(242, 79, 3, 1040.63),
(256, 55, 2, 1162.91),
(386, 48, 3, 2163.95),
(144, 58, 2, 1513.24),
(295, 30, 1, 1856.88),
(121, 72, 4, 2168.51),
(101, 19, 2, 1286.87),
(5, 23, 4, 1348.08),
(323, 67, 3, 2005.27),
(154, 33, 1, 1115.32),
(354, 21, 1, 694.57),
(131, 61, 1, 1233.67),
(172, 34, 3, 1027.71),
(286, 33, 3, 244.62),
(63, 45, 2, 1525.76),
(333, 69, 2, 2451.56),
(146, 46, 3, 1747.34),
(250, 58, 1, 1075.46),
(147, 60, 2, 2195.99),
(328, 44, 4, 1650.93),
(293, 52, 1, 380.96),
(176, 30, 3, 927.82),
(150, 35, 4, 822.87),
(228, 47, 4, 1151.17),
(95, 3, 2, 1872.88),
(339, 33, 1, 683.31),
(204, 14, 1, 345.72),
(243, 71, 1, 259.64),
(204, 68, 1, 438.04),
(317, 20, 1, 1705.12),
(200, 40, 2, 768.01),
(146, 57, 2, 500.94),
(88, 4, 1, 1725.16),
(167, 61, 4, 2441.46),
(277, 35, 4, 509.76),
(358, 70, 2, 1557.91),
(234, 73, 4, 1402.96),
(328, 69, 3, 2289.52),
(247, 70, 2, 2049.83),
(227, 40, 3, 1147.07),
(80, 39, 1, 199.21),
(389, 18, 3, 858.55),
(274, 2, 4, 2377.0),
(245, 39, 1, 1960.5),
(150, 77, 2, 2031.56),
(281, 48, 2, 1145.99),
(288, 56, 4, 773.76),
(367, 50, 4, 706.36),
(41, 55, 2, 1387.2),
(314, 35, 3, 1690.45),
(273, 35, 4, 631.4),
(36, 24, 2, 865.07),
(327, 59, 4, 824.91),
(319, 63, 2, 936.48),
(78, 7, 1, 626.66),
(53, 37, 3, 486.59),
(225, 2, 2, 406.45),
(8, 64, 2, 985.4),
(160, 64, 3, 1265.47),
(17, 43, 1, 2139.16),
(75, 8, 3, 1983.0),
(37, 70, 4, 616.69),
(129, 49, 1, 479.51),
(394, 32, 4, 1972.82),
(227, 32, 1, 657.11),
(377, 13, 2, 1286.5),
(349, 40, 3, 563.81),
(373, 6, 1, 781.62),
(327, 39, 2, 1027.98),
(27, 28, 1, 741.72),
(223, 42, 1, 583.93),
(142, 75, 1, 1109.36),
(125, 2, 1, 1535.48),
(354, 61, 2, 1053.22),
(46, 32, 2, 1348.81),
(352, 80, 3, 2339.95),
(389, 8, 1, 1016.69),
(79, 69, 1, 488.4),
(120, 41, 3, 2051.71),
(225, 25, 1, 1784.27),
(184, 18, 3, 2265.93),
(249, 57, 3, 1447.29),
(251, 25, 2, 1449.33),
(166, 60, 3, 2194.62),
(307, 71, 2, 357.42),
(80, 58, 3, 2083.66),
(278, 47, 4, 200.66),
(327, 65, 4, 1886.41),
(10, 80, 3, 1983.84),
(123, 42, 1, 1713.07),
(276, 50, 2, 1404.36),
(255, 71, 2, 1608.99),
(166, 53, 3, 453.07),
(268, 9, 1, 2119.94),
(67, 23, 1, 663.78),
(249, 25, 1, 272.18),
(329, 50, 4, 1408.39),
(360, 76, 3, 311.9),
(114, 78, 1, 229.1),
(107, 63, 1, 1275.54),
(328, 8, 3, 1482.45),
(213, 48, 1, 2093.38),
(137, 68, 1, 1887.89),
(156, 10, 2, 2408.35),
(50, 13, 2, 1421.82),
(98, 25, 2, 1510.06),
(92, 72, 4, 1915.05),
(393, 74, 3, 1750.33),
(360, 55, 1, 582.66),
(93, 71, 4, 1359.79),
(337, 21, 4, 2346.1),
(162, 71, 3, 2142.16),
(212, 56, 3, 1598.35),
(289, 70, 2, 1061.65),
(282, 33, 3, 2410.8),
(230, 51, 1, 1869.52),
(146, 77, 1, 1389.5),
(155, 1, 3, 2463.11),
(110, 41, 1, 1973.5),
(354, 36, 2, 415.86),
(236, 46, 2, 517.34),
(188, 75, 2, 734.89),
(154, 12, 4, 1507.85),
(112, 10, 3, 2022.68),
(89, 63, 1, 1568.03),
(154, 5, 4, 379.5),
(29, 43, 3, 2222.52),
(223, 54, 1, 2199.51),
(117, 78, 1, 1656.94),
(324, 49, 1, 900.0),
(22, 41, 2, 950.71),
(358, 29, 2, 315.2),
(375, 51, 4, 1930.53),
(295, 65, 1, 709.8),
(149, 51, 2, 503.03),
(43, 61, 1, 1459.75),
(135, 11, 4, 1353.19),
(397, 17, 2, 1305.12),
(102, 63, 4, 1699.17),
(101, 72, 2, 756.32),
(137, 56, 3, 1773.9),
(295, 12, 1, 1744.02),
(217, 47, 3, 637.13),
(177, 77, 1, 1969.27),
(87, 45, 4, 1632.32),
(226, 6, 2, 658.28),
(192, 20, 1, 457.46),
(28, 32, 2, 2197.13),
(148, 2, 3, 1794.73),
(57, 40, 4, 1282.74),
(170, 27, 2, 667.74),
(268, 34, 4, 1632.0),
(73, 3, 4, 1539.91),
(340, 68, 1, 786.55),
(31, 37, 2, 2014.13),
(317, 35, 1, 1268.41),
(5, 9, 4, 1717.86),
(340, 47, 1, 242.88),
(333, 50, 2, 2452.52),
(261, 13, 3, 1313.72),
(306, 69, 1, 627.76),
(257, 59, 1, 290.43),
(272, 40, 3, 1325.85),
(382, 21, 1, 996.59),
(181, 46, 3, 742.27),
(257, 36, 1, 1638.32),
(199, 4, 3, 717.84),
(175, 51, 2, 400.93),
(196, 67, 2, 1158.87),
(294, 20, 4, 2431.24),
(310, 43, 4, 1446.14),
(106, 18, 2, 2182.95),
(159, 68, 2, 1188.15),
(395, 19, 2, 929.24),
(286, 69, 1, 622.51),
(75, 4, 3, 2223.3),
(212, 53, 3, 1217.91),
(327, 36, 2, 1990.95),
(55, 17, 2, 259.26),
(314, 79, 3, 1591.89),
(314, 30, 2, 730.1),
(14, 46, 1, 1781.72),
(245, 18, 4, 1836.64),
(192, 24, 4, 1329.32),
(71, 21, 2, 719.43),
(210, 2, 3, 2384.46),
(114, 26, 2, 351.11),
(225, 79, 4, 1781.08),
(235, 32, 4, 1130.19),
(22, 78, 4, 1855.46),
(202, 79, 1, 1396.49),
(232, 59, 1, 2217.89),
(126, 67, 4, 2461.81),
(21, 72, 4, 1386.09),
(323, 7, 2, 868.71),
(204, 39, 3, 1260.1),
(217, 38, 1, 1785.89),
(73, 60, 4, 407.01),
(257, 15, 2, 1990.08),
(357, 70, 2, 1103.05),
(166, 58, 1, 610.42),
(303, 26, 4, 406.41),
(166, 21, 1, 408.74),
(362, 58, 3, 395.21),
(363, 50, 2, 1069.96),
(195, 6, 2, 2297.18),
(290, 20, 2, 2197.28),
(92, 7, 4, 907.54),
(374, 58, 3, 1639.84),
(61, 17, 2, 207.13),
(392, 33, 1, 1253.88),
(256, 70, 1, 1597.36),
(253, 31, 2, 1553.38),
(244, 59, 4, 1215.31),
(308, 77, 1, 761.84),
(281, 36, 2, 311.51),
(76, 8, 3, 283.46),
(17, 74, 3, 960.56),
(45, 7, 1, 1158.0),
(92, 21, 3, 1604.51),
(355, 77, 2, 2421.47),
(384, 75, 3, 2341.4),
(48, 39, 3, 1046.71),
(195, 9, 4, 2138.61),
(34, 38, 4, 508.46),
(356, 36, 3, 1411.22),
(269, 27, 2, 1606.72),
(56, 74, 1, 1311.42),
(353, 78, 3, 1181.22),
(163, 34, 3, 2331.34),
(315, 73, 4, 1394.32),
(324, 64, 4, 2057.35),
(313, 30, 3, 2451.29),
(1, 16, 1, 1268.24),
(61, 27, 4, 1151.29),
(171, 45, 2, 224.98),
(104, 37, 3, 2016.45),
(158, 39, 3, 1963.17),
(59, 43, 3, 1109.91),
(292, 79, 1, 2112.7),
(100, 43, 3, 2320.24),
(246, 61, 1, 1684.0),
(247, 20, 4, 2250.73),
(275, 43, 4, 2002.17),
(212, 8, 3, 1498.37),
(348, 41, 1, 678.0),
(351, 43, 3, 351.29),
(77, 36, 1, 979.05),
(193, 69, 2, 1512.26),
(200, 24, 1, 2187.57),
(385, 40, 3, 1831.63),
(140, 53, 1, 1342.23),
(122, 48, 4, 2106.75),
(155, 28, 3, 601.53),
(192, 5, 2, 2299.71),
(228, 65, 1, 2036.76),
(257, 20, 2, 981.27),
(248, 68, 3, 1982.73),
(74, 13, 2, 670.93),
(19, 59, 4, 1840.46),
(268, 15, 1, 914.26),
(23, 77, 1, 965.57),
(24, 14, 3, 250.7),
(389, 40, 2, 937.02),
(99, 37, 3, 1423.23),
(396, 57, 1, 826.1),
(81, 36, 1, 234.09),
(319, 72, 1, 674.13),
(180, 71, 3, 822.42),
(361, 37, 2, 592.93),
(160, 79, 3, 1442.33),
(26, 17, 1, 1281.69),
(346, 7, 1, 1081.28),
(45, 55, 4, 610.66),
(306, 76, 4, 1616.53),
(160, 43, 2, 1838.67),
(344, 69, 1, 2438.47),
(387, 60, 2, 412.71),
(358, 60, 1, 1246.84),
(351, 60, 4, 731.9),
(115, 19, 3, 2298.58),
(201, 24, 3, 2013.19),
(167, 59, 4, 268.61),
(244, 15, 3, 1299.9),
(88, 37, 3, 1589.21),
(66, 66, 1, 1132.08),
(366, 14, 3, 1478.14),
(37, 39, 4, 1120.88),
(212, 31, 2, 1459.28),
(247, 50, 1, 982.64),
(356, 76, 4, 2002.92),
(223, 73, 3, 1451.41),
(121, 23, 1, 1899.54),
(365, 74, 4, 461.94),
(306, 60, 3, 1475.7),
(228, 23, 3, 2397.53),
(36, 77, 1, 1775.67),
(306, 49, 3, 1335.88),
(339, 8, 1, 699.51),
(72, 75, 1, 1940.28),
(339, 20, 4, 1420.89),
(200, 79, 4, 649.03),
(349, 41, 3, 1510.64),
(348, 39, 4, 1849.92),
(177, 12, 1, 1605.43),
(262, 52, 2, 2159.76),
(32, 48, 1, 200.94),
(287, 46, 1, 2179.87),
(16, 31, 4, 1814.11),
(202, 41, 4, 1132.88),
(223, 70, 2, 1722.72),
(244, 18, 2, 1476.47),
(185, 54, 2, 862.48),
(344, 17, 2, 225.69),
(332, 3, 2, 1858.08),
(250, 56, 2, 393.73),
(329, 54, 4, 2254.24),
(357, 78, 4, 1632.47),
(233, 66, 4, 1468.72),
(231, 50, 3, 718.2),
(218, 78, 1, 1528.26),
(375, 31, 3, 1143.93),
(280, 74, 3, 275.96),
(20, 73, 4, 1820.23),
(58, 75, 4, 2411.0),
(41, 19, 3, 1268.35),
(41, 67, 1, 763.03),
(323, 10, 3, 1608.99),
(176, 69, 1, 1277.4),
(263, 61, 3, 1167.34),
(151, 38, 2, 280.25),
(306, 39, 3, 340.26),
(243, 75, 2, 1516.58),
(337, 38, 1, 858.68),
(43, 17, 1, 2157.32),
(143, 33, 2, 1615.33),
(141, 33, 1, 1904.29),
(310, 23, 2, 1715.06),
(190, 23, 3, 1998.81),
(121, 63, 2, 2037.56),
(17, 44, 1, 2423.89),
(305, 20, 4, 1930.35),
(212, 50, 2, 1718.53),
(372, 22, 2, 1527.84),
(177, 7, 3, 1936.61),
(60, 7, 2, 1266.23),
(244, 39, 4, 1915.15),
(386, 69, 2, 1072.54),
(362, 50, 4, 803.04),
(272, 56, 1, 863.22),
(230, 49, 3, 2411.05),
(350, 6, 1, 2309.74),
(327, 46, 4, 1603.12),
(334, 35, 3, 820.75),
(51, 33, 4, 1259.55),
(346, 31, 2, 1394.89),
(347, 24, 3, 1458.51),
(345, 2, 1, 226.51),
(51, 68, 1, 1775.65),
(180, 29, 3, 778.36),
(18, 4, 1, 329.83),
(305, 28, 1, 1827.57),
(62, 12, 2, 1063.7),
(392, 73, 2, 2259.8),
(357, 24, 3, 876.51),
(339, 10, 4, 2321.2),
(142, 55, 3, 790.87),
(400, 10, 3, 1986.34),
(196, 50, 3, 2489.7),
(133, 34, 2, 1212.32),
(252, 26, 4, 609.42),
(252, 14, 2, 1442.45),
(221, 28, 1, 2298.0),
(367, 34, 1, 279.18),
(37, 74, 3, 1986.65),
(10, 64, 2, 1700.59),
(1, 5, 4, 811.8),
(359, 43, 4, 1520.67),
(264, 63, 4, 1201.93),
(373, 9, 2, 206.61),
(353, 62, 1, 1503.66),
(184, 43, 3, 1120.41),
(324, 12, 3, 1428.64),
(175, 11, 4, 1948.04),
(149, 26, 2, 1474.29),
(197, 25, 3, 1799.53),
(55, 46, 4, 394.18),
(324, 57, 2, 520.87),
(99, 4, 2, 1324.23),
(33, 70, 3, 1348.27),
(231, 3, 1, 979.36),
(173, 6, 4, 470.83),
(335, 67, 4, 2361.21),
(275, 20, 2, 2326.08),
(19, 19, 4, 1702.81),
(242, 80, 1, 757.17),
(333, 17, 1, 595.17),
(26, 40, 1, 1248.22),
(88, 76, 1, 2079.94),
(55, 15, 4, 1567.45),
(316, 29, 1, 2049.24),
(219, 44, 4, 944.74),
(351, 74, 2, 938.66),
(110, 6, 2, 970.66),
(62, 36, 2, 1941.37),
(87, 48, 2, 1207.92),
(298, 6, 2, 428.93),
(324, 79, 4, 1987.62),
(9, 63, 1, 213.6),
(92, 12, 3, 1156.31),
(396, 61, 2, 673.17),
(328, 35, 4, 1146.67),
(90, 79, 1, 1570.43),
(368, 64, 1, 1641.54),
(155, 45, 4, 209.51),
(121, 25, 1, 2468.19),
(49, 80, 3, 2183.28),
(277, 65, 2, 1266.7),
(321, 27, 3, 321.06),
(58, 20, 4, 1343.28),
(82, 6, 1, 1682.18),
(146, 27, 4, 777.18),
(316, 59, 1, 439.17),
(27, 69, 2, 562.5),
(15, 63, 1, 361.98),
(121, 57, 3, 1162.85),
(383, 42, 2, 1990.64),
(167, 30, 1, 744.37),
(212, 26, 4, 2249.14),
(38, 61, 4, 323.98),
(224, 19, 2, 2333.14),
(233, 23, 4, 1058.02),
(235, 25, 3, 2442.78),
(104, 43, 2, 272.82),
(292, 8, 3, 512.95),
(239, 59, 4, 592.76),
(176, 29, 3, 1587.36),
(327, 79, 2, 1528.68),
(284, 30, 1, 1145.9),
(268, 63, 2, 1559.64),
(237, 36, 1, 1878.04),
(377, 32, 2, 951.78),
(297, 29, 2, 2300.64),
(3, 54, 1, 291.13),
(241, 65, 1, 1178.1),
(202, 62, 1, 1239.62),
(124, 11, 1, 1793.27),
(209, 28, 2, 1023.33),
(123, 12, 1, 1302.5),
(157, 21, 4, 2172.22),
(383, 75, 1, 2444.77),
(238, 18, 4, 624.38),
(190, 60, 1, 2177.88),
(37, 50, 3, 1420.12),
(152, 55, 3, 1804.53),
(314, 70, 2, 2010.69),
(42, 80, 3, 1891.25),
(29, 66, 3, 2241.35),
(57, 50, 3, 1269.31),
(21, 47, 3, 602.12),
(287, 9, 2, 517.33),
(172, 31, 1, 1691.79),
(378, 75, 2, 1931.3),
(390, 29, 3, 1010.24),
(137, 65, 4, 836.43),
(33, 48, 3, 1239.54),
(257, 68, 1, 1280.38),
(273, 69, 3, 1238.55),
(189, 9, 2, 2250.38),
(235, 12, 1, 1097.57),
(92, 37, 1, 450.54),
(142, 15, 2, 1340.56),
(105, 67, 1, 873.29),
(350, 70, 2, 1288.98),
(216, 57, 1, 869.49),
(33, 3, 2, 2119.38),
(267, 43, 4, 1530.02),
(336, 42, 4, 1563.72),
(357, 68, 4, 1252.42),
(291, 17, 3, 594.0),
(134, 30, 4, 1054.38),
(148, 7, 2, 1011.18),
(234, 22, 2, 1836.17),
(147, 24, 2, 2129.46),
(355, 20, 2, 746.18),
(22, 41, 2, 1213.04),
(190, 24, 2, 1492.72),
(18, 41, 3, 539.27),
(230, 70, 2, 1426.38),
(63, 4, 4, 2340.46),
(394, 19, 4, 2332.97),
(80, 1, 3, 1687.66),
(152, 61, 3, 2429.09),
(387, 74, 2, 2038.03),
(374, 57, 3, 1784.04),
(375, 62, 1, 519.67),
(283, 15, 3, 256.03),
(317, 29, 4, 1021.01),
(168, 8, 2, 1540.89),
(114, 36, 2, 250.86),
(276, 58, 1, 2443.43),
(202, 25, 4, 929.84),
(310, 66, 1, 2288.43),
(185, 51, 2, 1845.72),
(219, 48, 4, 1056.51),
(146, 45, 3, 907.6),
(229, 72, 1, 695.1),
(228, 54, 4, 862.86),
(373, 55, 4, 520.01),
(301, 77, 1, 529.37),
(156, 61, 3, 351.07),
(303, 49, 1, 214.22),
(328, 35, 4, 601.25),
(237, 73, 2, 657.29),
(196, 38, 4, 296.14),
(155, 75, 3, 1335.43),
(379, 60, 2, 260.73),
(2, 20, 3, 889.39),
(328, 61, 1, 1702.77),
(148, 54, 2, 1330.34),
(353, 32, 1, 473.52),
(142, 64, 1, 1576.45),
(186, 75, 4, 1499.82),
(133, 61, 1, 1057.37),
(376, 74, 1, 2143.14),
(84, 75, 1, 535.12),
(237, 18, 3, 574.61),
(140, 47, 4, 1662.37),
(183, 7, 3, 869.83),
(328, 10, 2, 1961.82),
(94, 13, 2, 1449.54),
(162, 39, 3, 1775.52),
(353, 47, 1, 1428.17),
(181, 19, 1, 513.98),
(145, 48, 4, 1146.59),
(84, 14, 2, 554.48),
(114, 25, 1, 1158.9),
(40, 15, 2, 2322.84),
(246, 45, 3, 1788.42),
(72, 57, 3, 595.08),
(156, 4, 1, 710.42),
(356, 19, 2, 906.09),
(108, 17, 1, 1176.05),
(391, 15, 1, 242.25),
(248, 56, 1, 650.61),
(17, 66, 1, 1277.89),
(130, 6, 1, 892.79),
(6, 13, 1, 2315.23),
(106, 76, 2, 624.0),
(180, 4, 1, 533.78),
(383, 36, 3, 1009.07),
(257, 79, 2, 1360.29),
(35, 13, 1, 1415.33),
(367, 25, 3, 594.08),
(387, 69, 1, 2438.23),
(51, 28, 4, 1041.86),
(302, 24, 4, 1748.11),
(55, 24, 3, 2455.99),
(218, 28, 2, 1136.43),
(390, 41, 1, 1270.57),
(267, 18, 4, 1952.23),
(361, 37, 1, 388.17),
(253, 15, 4, 851.31),
(308, 40, 4, 718.51),
(209, 38, 4, 633.21),
(36, 61, 3, 611.38),
(346, 63, 1, 1110.65),
(268, 11, 1, 528.75),
(206, 76, 1, 1904.29),
(87, 9, 3, 2441.98),
(174, 26, 4, 481.35),
(218, 64, 3, 1958.08),
(393, 75, 3, 1938.5),
(330, 52, 3, 1293.4),
(309, 52, 4, 1375.25),
(76, 59, 1, 480.04),
(251, 64, 2, 1644.25),
(69, 4, 1, 1895.94),
(35, 64, 1, 2434.77),
(196, 78, 3, 550.29),
(319, 80, 1, 1947.39);

INSERT INTO payments (order_id, amount, payment_method, payment_status) VALUES
(1, 3406.08, 'netbanking', 'paid'),
(2, 1248.08, 'netbanking', 'paid'),
(3, 2671.54, 'cod', 'failed'),
(4, 2868.11, 'card', 'paid'),
(5, 4435.59, 'card', 'paid'),
(6, 2414.54, 'netbanking', 'paid'),
(7, 2459.38, 'card', 'pending'),
(8, 2915.33, 'cod', 'failed'),
(9, 1070.48, 'netbanking', 'pending'),
(10, 1767.56, 'netbanking', 'paid'),
(11, 3889.85, 'netbanking', 'failed'),
(12, 2901.78, 'netbanking', 'paid'),
(13, 2941.6, 'upi', 'failed'),
(14, 560.96, 'cod', 'paid'),
(15, 3076.91, 'netbanking', 'failed'),
(16, 3478.49, 'cod', 'paid'),
(17, 587.69, 'card', 'pending'),
(18, 4232.59, 'cod', 'failed'),
(19, 3043.64, 'cod', 'paid'),
(20, 756.55, 'cod', 'paid'),
(21, 2235.07, 'card', 'failed'),
(22, 1446.88, 'upi', 'failed'),
(23, 1765.87, 'card', 'failed'),
(24, 606.85, 'cod', 'pending'),
(25, 1885.69, 'card', 'failed'),
(26, 1831.75, 'netbanking', 'failed'),
(27, 4356.83, 'netbanking', 'paid'),
(28, 394.89, 'netbanking', 'failed'),
(29, 403.51, 'cod', 'paid'),
(30, 2979.66, 'cod', 'failed'),
(31, 758.31, 'netbanking', 'pending'),
(32, 3546.06, 'upi', 'paid'),
(33, 2633.64, 'cod', 'pending'),
(34, 3188.69, 'cod', 'paid'),
(35, 1247.27, 'card', 'failed'),
(36, 1305.18, 'cod', 'pending'),
(37, 1696.41, 'netbanking', 'pending'),
(38, 3234.49, 'card', 'failed'),
(39, 4266.68, 'card', 'failed'),
(40, 1882.14, 'card', 'failed'),
(41, 4064.57, 'netbanking', 'paid'),
(42, 1284.77, 'card', 'failed'),
(43, 4170.57, 'cod', 'paid'),
(44, 3417.25, 'cod', 'pending'),
(45, 2246.28, 'cod', 'failed'),
(46, 2721.24, 'upi', 'pending'),
(47, 3249.87, 'upi', 'failed'),
(48, 2645.26, 'netbanking', 'paid'),
(49, 4703.67, 'netbanking', 'failed'),
(50, 3714.09, 'card', 'failed'),
(51, 1242.05, 'netbanking', 'pending'),
(52, 1428.76, 'cod', 'paid'),
(53, 2227.22, 'card', 'failed'),
(54, 1255.72, 'netbanking', 'paid'),
(55, 4170.44, 'upi', 'paid'),
(56, 3527.22, 'upi', 'paid'),
(57, 1419.87, 'upi', 'pending'),
(58, 429.21, 'cod', 'paid'),
(59, 2580.3, 'netbanking', 'paid'),
(60, 3339.53, 'card', 'pending'),
(61, 1047.98, 'upi', 'pending'),
(62, 1513.47, 'cod', 'failed'),
(63, 2887.32, 'card', 'failed'),
(64, 2582.46, 'card', 'pending'),
(65, 4339.04, 'card', 'paid'),
(66, 3126.52, 'card', 'paid'),
(67, 4513.83, 'card', 'paid'),
(68, 4731.86, 'upi', 'pending'),
(69, 825.08, 'card', 'failed'),
(70, 3420.82, 'cod', 'paid'),
(71, 4456.45, 'upi', 'failed'),
(72, 873.7, 'cod', 'paid'),
(73, 4210.97, 'netbanking', 'failed'),
(74, 3795.61, 'netbanking', 'pending'),
(75, 977.11, 'upi', 'pending'),
(76, 4857.64, 'netbanking', 'paid'),
(77, 1494.24, 'card', 'paid'),
(78, 2806.31, 'card', 'paid'),
(79, 2864.0, 'netbanking', 'failed'),
(80, 1456.83, 'cod', 'pending'),
(81, 2005.09, 'cod', 'paid'),
(82, 398.05, 'card', 'failed'),
(83, 3411.45, 'card', 'failed'),
(84, 4611.05, 'upi', 'paid'),
(85, 2896.82, 'cod', 'failed'),
(86, 4803.87, 'cod', 'failed'),
(87, 872.65, 'upi', 'paid'),
(88, 2124.81, 'netbanking', 'paid'),
(89, 1713.17, 'upi', 'paid'),
(90, 1287.82, 'upi', 'paid'),
(91, 3266.36, 'netbanking', 'pending'),
(92, 1586.97, 'card', 'paid'),
(93, 2513.13, 'netbanking', 'paid'),
(94, 3670.71, 'card', 'pending'),
(95, 3581.87, 'card', 'paid'),
(96, 2277.09, 'cod', 'paid'),
(97, 3566.49, 'card', 'failed'),
(98, 3314.48, 'netbanking', 'failed'),
(99, 938.63, 'netbanking', 'pending'),
(100, 3251.99, 'cod', 'failed'),
(101, 685.49, 'upi', 'pending'),
(102, 2725.92, 'upi', 'failed'),
(103, 3522.04, 'cod', 'paid'),
(104, 2547.32, 'upi', 'paid'),
(105, 1114.35, 'cod', 'paid'),
(106, 1232.72, 'netbanking', 'paid'),
(107, 1153.88, 'netbanking', 'failed'),
(108, 1354.09, 'card', 'failed'),
(109, 3340.4, 'upi', 'pending'),
(110, 4877.4, 'upi', 'paid'),
(111, 3594.93, 'upi', 'pending'),
(112, 2183.86, 'netbanking', 'failed'),
(113, 1521.74, 'card', 'paid'),
(114, 1098.58, 'card', 'pending'),
(115, 3676.34, 'netbanking', 'paid'),
(116, 4187.11, 'netbanking', 'pending'),
(117, 1354.07, 'upi', 'pending'),
(118, 4745.45, 'cod', 'paid'),
(119, 3807.28, 'netbanking', 'pending'),
(120, 2326.15, 'upi', 'failed'),
(121, 1312.16, 'cod', 'failed'),
(122, 3481.79, 'netbanking', 'pending'),
(123, 2219.06, 'upi', 'pending'),
(124, 1662.91, 'cod', 'pending'),
(125, 3202.1, 'upi', 'paid'),
(126, 3038.64, 'netbanking', 'pending'),
(127, 347.51, 'upi', 'paid'),
(128, 4878.68, 'netbanking', 'failed'),
(129, 1296.42, 'netbanking', 'failed'),
(130, 2288.47, 'cod', 'pending'),
(131, 746.81, 'card', 'pending'),
(132, 1863.45, 'upi', 'paid'),
(133, 4567.66, 'card', 'pending'),
(134, 1491.19, 'netbanking', 'paid'),
(135, 4893.36, 'cod', 'pending'),
(136, 4848.87, 'card', 'failed'),
(137, 1142.05, 'upi', 'failed'),
(138, 2615.35, 'cod', 'paid'),
(139, 919.02, 'cod', 'failed'),
(140, 2791.99, 'upi', 'paid'),
(141, 848.16, 'card', 'pending'),
(142, 2645.29, 'cod', 'failed'),
(143, 1993.78, 'netbanking', 'paid'),
(144, 4542.13, 'cod', 'failed'),
(145, 4198.07, 'cod', 'failed'),
(146, 1770.15, 'upi', 'paid'),
(147, 3762.29, 'netbanking', 'pending'),
(148, 2910.67, 'netbanking', 'pending'),
(149, 1186.92, 'card', 'pending'),
(150, 1159.76, 'netbanking', 'paid'),
(151, 1067.71, 'netbanking', 'paid'),
(152, 844.31, 'netbanking', 'pending'),
(153, 2374.14, 'netbanking', 'paid'),
(154, 2616.05, 'upi', 'pending'),
(155, 1942.14, 'upi', 'paid'),
(156, 1148.08, 'upi', 'failed'),
(157, 2690.07, 'cod', 'failed'),
(158, 4486.2, 'upi', 'failed'),
(159, 4989.62, 'card', 'failed'),
(160, 3903.18, 'upi', 'paid'),
(161, 4624.94, 'upi', 'paid'),
(162, 3480.47, 'cod', 'pending'),
(163, 1635.12, 'card', 'paid'),
(164, 2054.72, 'card', 'paid'),
(165, 1021.74, 'card', 'paid'),
(166, 4203.29, 'netbanking', 'paid'),
(167, 3252.28, 'cod', 'failed'),
(168, 3391.63, 'cod', 'pending'),
(169, 3383.01, 'netbanking', 'paid'),
(170, 4751.87, 'upi', 'pending'),
(171, 4356.41, 'cod', 'paid'),
(172, 4050.29, 'card', 'failed'),
(173, 4772.93, 'netbanking', 'pending'),
(174, 2173.63, 'upi', 'pending'),
(175, 4834.73, 'netbanking', 'pending'),
(176, 395.41, 'upi', 'pending'),
(177, 2124.96, 'netbanking', 'paid'),
(178, 3340.69, 'upi', 'pending'),
(179, 1702.17, 'netbanking', 'failed'),
(180, 4088.86, 'cod', 'failed'),
(181, 3135.51, 'cod', 'failed'),
(182, 750.72, 'cod', 'failed'),
(183, 1238.39, 'netbanking', 'paid'),
(184, 2538.27, 'netbanking', 'pending'),
(185, 3854.51, 'cod', 'failed'),
(186, 1174.87, 'netbanking', 'pending'),
(187, 489.06, 'cod', 'paid'),
(188, 3478.27, 'upi', 'paid'),
(189, 2777.21, 'card', 'paid'),
(190, 2499.63, 'card', 'paid'),
(191, 1710.85, 'upi', 'failed'),
(192, 4542.65, 'upi', 'failed'),
(193, 2309.34, 'card', 'failed'),
(194, 658.7, 'card', 'failed'),
(195, 804.87, 'netbanking', 'paid'),
(196, 743.08, 'cod', 'paid'),
(197, 1496.84, 'card', 'failed'),
(198, 375.46, 'netbanking', 'pending'),
(199, 3994.03, 'netbanking', 'pending'),
(200, 690.47, 'cod', 'paid'),
(201, 3058.88, 'netbanking', 'failed'),
(202, 2413.76, 'cod', 'paid'),
(203, 4842.58, 'upi', 'pending'),
(204, 1168.91, 'cod', 'failed'),
(205, 798.75, 'card', 'pending'),
(206, 2155.19, 'card', 'pending'),
(207, 3381.26, 'netbanking', 'failed'),
(208, 2202.93, 'netbanking', 'paid'),
(209, 3205.95, 'cod', 'failed'),
(210, 3465.87, 'netbanking', 'paid'),
(211, 710.89, 'upi', 'pending'),
(212, 1195.77, 'card', 'failed'),
(213, 4860.45, 'card', 'pending'),
(214, 2560.25, 'upi', 'failed'),
(215, 1435.37, 'upi', 'pending'),
(216, 1713.31, 'netbanking', 'pending'),
(217, 2526.75, 'card', 'pending'),
(218, 1079.7, 'upi', 'failed'),
(219, 3601.21, 'netbanking', 'paid'),
(220, 391.25, 'netbanking', 'failed'),
(221, 1439.36, 'cod', 'failed'),
(222, 4197.42, 'netbanking', 'pending'),
(223, 1868.1, 'card', 'failed'),
(224, 4282.86, 'netbanking', 'paid'),
(225, 4287.5, 'cod', 'pending'),
(226, 2590.23, 'netbanking', 'failed'),
(227, 3076.88, 'netbanking', 'pending'),
(228, 3656.16, 'card', 'paid'),
(229, 3008.1, 'card', 'paid'),
(230, 4495.52, 'netbanking', 'paid'),
(231, 848.62, 'cod', 'paid'),
(232, 3577.32, 'card', 'pending'),
(233, 1652.65, 'upi', 'paid'),
(234, 1915.08, 'upi', 'failed'),
(235, 1331.6, 'cod', 'failed'),
(236, 4310.23, 'netbanking', 'pending'),
(237, 4449.91, 'netbanking', 'paid'),
(238, 4214.48, 'cod', 'paid'),
(239, 4057.85, 'upi', 'failed'),
(240, 1272.88, 'card', 'failed'),
(241, 2568.58, 'upi', 'pending'),
(242, 1033.68, 'netbanking', 'pending'),
(243, 4028.37, 'netbanking', 'paid'),
(244, 1402.18, 'card', 'pending'),
(245, 1985.3, 'cod', 'paid'),
(246, 3480.56, 'upi', 'failed'),
(247, 449.26, 'card', 'paid'),
(248, 2322.92, 'upi', 'pending'),
(249, 2940.31, 'netbanking', 'paid'),
(250, 4969.22, 'cod', 'pending'),
(251, 3918.45, 'cod', 'pending'),
(252, 4310.02, 'card', 'failed'),
(253, 535.98, 'netbanking', 'paid'),
(254, 4823.44, 'card', 'pending'),
(255, 3972.77, 'card', 'failed'),
(256, 496.26, 'card', 'pending'),
(257, 3259.65, 'upi', 'paid'),
(258, 1037.05, 'cod', 'failed'),
(259, 2374.13, 'netbanking', 'failed'),
(260, 4390.32, 'upi', 'failed'),
(261, 2008.56, 'upi', 'pending'),
(262, 4287.4, 'netbanking', 'paid'),
(263, 3914.33, 'card', 'pending'),
(264, 4222.62, 'netbanking', 'paid'),
(265, 1646.76, 'upi', 'pending'),
(266, 1549.27, 'netbanking', 'paid'),
(267, 3257.37, 'upi', 'pending'),
(268, 3839.07, 'netbanking', 'pending'),
(269, 947.57, 'netbanking', 'paid'),
(270, 4613.69, 'netbanking', 'failed'),
(271, 4033.65, 'cod', 'pending'),
(272, 2379.12, 'card', 'failed'),
(273, 4088.36, 'card', 'pending'),
(274, 1889.03, 'netbanking', 'pending'),
(275, 2339.14, 'netbanking', 'pending'),
(276, 3401.83, 'upi', 'failed'),
(277, 570.71, 'cod', 'paid'),
(278, 2188.41, 'cod', 'failed'),
(279, 3789.68, 'cod', 'pending'),
(280, 4185.92, 'upi', 'failed'),
(281, 2197.51, 'upi', 'failed'),
(282, 3233.49, 'netbanking', 'failed'),
(283, 1921.68, 'netbanking', 'pending'),
(284, 4439.58, 'card', 'pending'),
(285, 2824.94, 'netbanking', 'failed'),
(286, 3677.74, 'upi', 'failed'),
(287, 4961.04, 'cod', 'pending'),
(288, 735.25, 'cod', 'failed'),
(289, 1900.33, 'upi', 'pending'),
(290, 430.09, 'cod', 'pending'),
(291, 4210.48, 'cod', 'failed'),
(292, 2285.91, 'card', 'failed'),
(293, 580.74, 'cod', 'paid'),
(294, 3245.85, 'cod', 'pending'),
(295, 523.34, 'card', 'paid'),
(296, 1699.42, 'card', 'paid'),
(297, 1892.21, 'upi', 'failed'),
(298, 4947.3, 'upi', 'paid'),
(299, 1705.25, 'upi', 'failed'),
(300, 2074.03, 'upi', 'pending'),
(301, 1839.88, 'upi', 'paid'),
(302, 2434.26, 'upi', 'failed'),
(303, 2299.75, 'netbanking', 'pending'),
(304, 732.57, 'netbanking', 'pending'),
(305, 2537.39, 'netbanking', 'pending'),
(306, 2034.68, 'netbanking', 'failed'),
(307, 2926.15, 'netbanking', 'paid'),
(308, 3045.23, 'netbanking', 'paid'),
(309, 3537.38, 'netbanking', 'failed'),
(310, 4873.38, 'upi', 'pending'),
(311, 2676.19, 'netbanking', 'failed'),
(312, 2450.25, 'card', 'failed'),
(313, 1298.42, 'netbanking', 'pending'),
(314, 3807.53, 'cod', 'pending'),
(315, 3126.52, 'netbanking', 'pending'),
(316, 867.07, 'cod', 'pending'),
(317, 2756.05, 'card', 'paid'),
(318, 1732.15, 'cod', 'paid'),
(319, 1680.71, 'card', 'pending'),
(320, 967.06, 'netbanking', 'pending'),
(321, 4702.06, 'cod', 'paid'),
(322, 1312.23, 'netbanking', 'pending'),
(323, 873.94, 'cod', 'pending'),
(324, 4390.0, 'netbanking', 'paid'),
(325, 2992.38, 'netbanking', 'paid'),
(326, 3971.34, 'netbanking', 'failed'),
(327, 4217.31, 'upi', 'pending'),
(328, 2671.39, 'netbanking', 'paid'),
(329, 3434.94, 'upi', 'failed'),
(330, 1827.52, 'netbanking', 'paid'),
(331, 1393.26, 'netbanking', 'paid'),
(332, 2841.67, 'netbanking', 'failed'),
(333, 1602.66, 'card', 'pending'),
(334, 3622.88, 'cod', 'failed'),
(335, 3331.25, 'card', 'pending'),
(336, 4788.29, 'card', 'failed'),
(337, 2751.24, 'netbanking', 'failed'),
(338, 4514.26, 'card', 'failed'),
(339, 4699.05, 'upi', 'pending'),
(340, 1591.32, 'upi', 'pending'),
(341, 4198.55, 'netbanking', 'pending'),
(342, 4091.53, 'cod', 'paid'),
(343, 3066.8, 'netbanking', 'pending'),
(344, 1896.8, 'upi', 'paid'),
(345, 412.07, 'cod', 'paid'),
(346, 1507.74, 'card', 'pending'),
(347, 2845.36, 'cod', 'pending'),
(348, 1157.54, 'card', 'pending'),
(349, 1740.93, 'netbanking', 'failed'),
(350, 1094.2, 'cod', 'pending'),
(351, 426.7, 'card', 'paid'),
(352, 2131.72, 'cod', 'pending'),
(353, 2239.27, 'cod', 'paid'),
(354, 2063.91, 'card', 'pending'),
(355, 1251.03, 'upi', 'paid'),
(356, 2689.52, 'netbanking', 'pending'),
(357, 1564.65, 'cod', 'paid'),
(358, 2898.67, 'card', 'paid'),
(359, 434.86, 'upi', 'pending'),
(360, 1564.05, 'card', 'pending'),
(361, 3885.0, 'upi', 'paid'),
(362, 2969.75, 'netbanking', 'pending'),
(363, 4276.51, 'upi', 'pending'),
(364, 2053.53, 'upi', 'pending'),
(365, 2825.42, 'netbanking', 'failed'),
(366, 2422.19, 'card', 'paid'),
(367, 4816.24, 'cod', 'failed'),
(368, 4867.78, 'card', 'pending'),
(369, 4686.48, 'netbanking', 'paid'),
(370, 3108.98, 'netbanking', 'paid'),
(371, 4258.46, 'upi', 'failed'),
(372, 4250.22, 'cod', 'pending'),
(373, 1057.66, 'card', 'paid'),
(374, 720.66, 'card', 'pending'),
(375, 3706.85, 'cod', 'paid'),
(376, 1290.0, 'cod', 'failed'),
(377, 4742.42, 'cod', 'failed'),
(378, 2426.77, 'upi', 'failed'),
(379, 4919.2, 'cod', 'pending'),
(380, 2460.06, 'cod', 'pending'),
(381, 4594.89, 'upi', 'failed'),
(382, 4633.61, 'netbanking', 'pending'),
(383, 4535.79, 'upi', 'paid'),
(384, 2911.22, 'netbanking', 'paid'),
(385, 2828.22, 'card', 'failed'),
(386, 444.45, 'netbanking', 'failed'),
(387, 879.05, 'netbanking', 'failed'),
(388, 1981.44, 'upi', 'failed'),
(389, 4922.84, 'card', 'paid'),
(390, 2040.26, 'upi', 'paid'),
(391, 343.01, 'card', 'paid'),
(392, 3497.61, 'cod', 'pending'),
(393, 721.84, 'cod', 'failed'),
(394, 1338.39, 'netbanking', 'paid'),
(395, 471.94, 'netbanking', 'failed'),
(396, 3621.75, 'upi', 'pending'),
(397, 1220.61, 'netbanking', 'pending'),
(398, 4387.61, 'netbanking', 'pending'),
(399, 2892.39, 'upi', 'pending'),
(400, 3063.37, 'card', 'pending');