USE [customer-support-ticketing-database];
GO


INSERT INTO ticket_category (category_name) VALUES
('Bug'),
('Feature Request'),
('Billing Issue'),
('Login Problem'),
('Performance'),
('Security'),
('Other');

INSERT INTO ticket_status (status) VALUES
('Open'),
('In Progress'),
('Awaiting Customer Response'),
('Resolved'),
('Closed'),
('Reopened');

INSERT INTO customers (full_name, email_id) VALUES
('Divya Swati', 'divya.swati@gmail.com'),
('Bhavna Meena', 'bhavna.meena@gmail.com'),
('Manish Sneha', 'manish.sneha@gmail.com'),
('Divya Smita', 'divya.smita@gmail.com'),
('Vinod Pooja', 'vinod.pooja@gmail.com'),
('Rahul Vikram', 'rahul.vikram@gmail.com'),
('Shalini Priya', 'shalini.priya@gmail.com'),
('Jyoti Payal', 'jyoti.payal@gmail.com'),
('Payal Ravi', 'payal.ravi@gmail.com'),
('Deepak Sneha', 'deepak.sneha@gmail.com'),
('Vinod Anjali', 'vinod.anjali@gmail.com'),
('Ritu Deepak', 'ritu.deepak@gmail.com'),
('Pallavi Karan', 'pallavi.karan@gmail.com'),
('Kavita Anjali', 'kavita.anjali@gmail.com'),
('Tarun Neha', 'tarun.neha@gmail.com'),
('Anil Ravi', 'anil.ravi@gmail.com'),
('Sachin Anil', 'sachin.anil@gmail.com'),
('Anjali Sunil', 'anjali.sunil@gmail.com'),
('Nidhi Suresh', 'nidhi.suresh@gmail.com'),
('Shalini Vinod', 'shalini.vinod@gmail.com'),
('Kavita Payal', 'kavita.payal@gmail.com'),
('Geeta Bhavna', 'geeta.bhavna@gmail.com'),
('Neha Ajay', 'neha.ajay@gmail.com'),
('Nidhi Rakesh', 'nidhi.rakesh@gmail.com'),
('Yash Meena', 'yash.meena@gmail.com'),
('Sneha Vikram', 'sneha.vikram@gmail.com'),
('Tarun Priya', 'tarun.priya@gmail.com'),
('Anjali Manish', 'anjali.manish@gmail.com'),
('Shalini Amit', 'shalini.amit@gmail.com'),
('Deepak Sachin', 'deepak.sachin@gmail.com'),
('Payal Sunil', 'payal.sunil@gmail.com'),
('Ritu Sachin', 'ritu.sachin@gmail.com'),
('Anil Rakesh', 'anil.rakesh@gmail.com'),
('Meena Tarun', 'meena.tarun@gmail.com'),
('Jyoti Amit', 'jyoti.amit@gmail.com'),
('Sneha Rakesh', 'sneha.rakesh@gmail.com'),
('Rahul Arjun', 'rahul.arjun@gmail.com'),
('Shalini Ravi', 'shalini.ravi@gmail.com'),
('Vikram Rekha', 'vikram.rekha@gmail.com'),
('Arjun Swati', 'arjun.swati@gmail.com'),
('Karan Neha', 'karan.neha@gmail.com'),
('Divya Rashmi', 'divya.rashmi@gmail.com'),
('Sachin Neha', 'sachin.neha@gmail.com'),
('Vikram Neha', 'vikram.neha@gmail.com'),
('Anil Rahul', 'anil.rahul@gmail.com'),
('Sneha Bhavna', 'sneha.bhavna@gmail.com'),
('Pallavi Kavita', 'pallavi.kavita@gmail.com'),
('Vinod Sneha', 'vinod.sneha@gmail.com'),
('Rashmi Vinod', 'rashmi.vinod@gmail.com'),
('Anjali Meena', 'anjali.meena@gmail.com'),
('Jyoti Rakesh', 'jyoti.rakesh@gmail.com'),
('Tarun Vikram', 'tarun.vikram@gmail.com'),
('Amit Priya', 'amit.priya@gmail.com'),
('Ajay Pankaj', 'ajay.pankaj@gmail.com'),
('Bhavna Vinod', 'bhavna.vinod@gmail.com'),
('Tarun Sachin', 'tarun.sachin@gmail.com'),
('Pankaj Anjali', 'pankaj.anjali@gmail.com'),
('Vikram Ajay', 'vikram.ajay@gmail.com'),
('Payal Anjali', 'payal.anjali@gmail.com'),
('Ajay Pankaj', 'ajay.pankaj@gmail.com'),
('Nidhi Payal', 'nidhi.payal@gmail.com'),
('Ritu Ritu', 'ritu.ritu@gmail.com'),
('Vikram Smita', 'vikram.smita@gmail.com'),
('Dinesh Pooja', 'dinesh.pooja@gmail.com'),
('Yash Rashmi', 'yash.rashmi@gmail.com'),
('Nidhi Karan', 'nidhi.karan@gmail.com'),
('Naveen Pankaj', 'naveen.pankaj@gmail.com'),
('Sneha Dinesh', 'sneha.dinesh@gmail.com'),
('Rakesh Naveen', 'rakesh.naveen@gmail.com'),
('Sunil Sunil', 'sunil.sunil@gmail.com'),
('Geeta Karan', 'geeta.karan@gmail.com'),
('Rahul Shalini', 'rahul.shalini@gmail.com'),
('Manish Pooja', 'manish.pooja@gmail.com'),
('Anil Divya', 'anil.divya@gmail.com'),
('Anil Arjun', 'anil.arjun@gmail.com'),
('Payal Suresh', 'payal.suresh@gmail.com'),
('Smita Meena', 'smita.meena@gmail.com'),
('Karan Pooja', 'karan.pooja@gmail.com'),
('Geeta Sunil', 'geeta.sunil@gmail.com'),
('Karan Rekha', 'karan.rekha@gmail.com'),
('Payal Anjali', 'payal.anjali@gmail.com'),
('Shalini Kavita', 'shalini.kavita@gmail.com'),
('Divya Anjali', 'divya.anjali@gmail.com'),
('Neha Shalini', 'neha.shalini@gmail.com'),
('Rekha Suresh', 'rekha.suresh@gmail.com'),
('Vikram Naveen', 'vikram.naveen@gmail.com'),
('Anjali Rakesh', 'anjali.rakesh@gmail.com'),
('Rekha Meena', 'rekha.meena@gmail.com'),
('Bhavna Tarun', 'bhavna.tarun@gmail.com'),
('Smita Tarun', 'smita.tarun@gmail.com'),
('Tarun Deepak', 'tarun.deepak@gmail.com'),
('Sneha Meena', 'sneha.meena@gmail.com'),
('Deepak Manish', 'deepak.manish@gmail.com'),
('Nidhi Pooja', 'nidhi.pooja@gmail.com'),
('Ritu Nidhi', 'ritu.nidhi@gmail.com'),
('Anjali Pankaj', 'anjali.pankaj@gmail.com'),
('Tarun Ritu', 'tarun.ritu@gmail.com'),
('Vikram Anil', 'vikram.anil@gmail.com'),
('Yash Pankaj', 'yash.pankaj@gmail.com'),
('Anjali Rekha', 'anjali.rekha@gmail.com');

INSERT INTO support_agents (full_name, email_id, designation) VALUES
('Neha Deepak', 'neha.deepak@gmail.com', 'Security Analyst'),
('Sunil Nidhi', 'sunil.nidhi@gmail.com', 'Technical Support'),
('Rekha Vikram', 'rekha.vikram@gmail.com', 'Technical Support'),
('Rakesh Naveen', 'rakesh.naveen@gmail.com', 'Billing Specialist'),
('Meena Meena', 'meena.meena@gmail.com', 'Technical Support'),
('Amit Sunil', 'amit.sunil@gmail.com', 'Technical Support'),
('Arjun Neha', 'arjun.neha@gmail.com', 'Billing Specialist'),
('Karan Sachin', 'karan.sachin@gmail.com', 'Security Analyst'),
('Rekha Ravi', 'rekha.ravi@gmail.com', 'Account Manager'),
('Pankaj Dinesh', 'pankaj.dinesh@gmail.com', 'Technical Support'),
('Arjun Vikram', 'arjun.vikram@gmail.com', 'Security Analyst'),
('Swati Pallavi', 'swati.pallavi@gmail.com', 'Billing Specialist'),
('Karan Meena', 'karan.meena@gmail.com', 'Security Analyst'),
('Rashmi Manish', 'rashmi.manish@gmail.com', 'Technical Support'),
('Kavita Amit', 'kavita.amit@gmail.com', 'Technical Support'),
('Rashmi Arjun', 'rashmi.arjun@gmail.com', 'Billing Specialist'),
('Vinod Anjali', 'vinod.anjali@gmail.com', 'Billing Specialist'),
('Neha Priya', 'neha.priya@gmail.com', 'Technical Support'),
('Bhavna Manish', 'bhavna.manish@gmail.com', 'Technical Support'),
('Vikram Yash', 'vikram.yash@gmail.com', 'Technical Support'),
('Dinesh Kavita', 'dinesh.kavita@gmail.com', 'Billing Specialist'),
('Naveen Divya', 'naveen.divya@gmail.com', 'Account Manager'),
('Divya Pallavi', 'divya.pallavi@gmail.com', 'Account Manager'),
('Naveen Dinesh', 'naveen.dinesh@gmail.com', 'Technical Support'),
('Amit Priya', 'amit.priya@gmail.com', 'Technical Support'),
('Rakesh Suresh', 'rakesh.suresh@gmail.com', 'Technical Support'),
('Deepak Rekha', 'deepak.rekha@gmail.com', 'Account Manager'),
('Arjun Suresh', 'arjun.suresh@gmail.com', 'Technical Support'),
('Anil Arjun', 'anil.arjun@gmail.com', 'Technical Support'),
('Priya Divya', 'priya.divya@gmail.com', 'Billing Specialist'),
('Anjali Sachin', 'anjali.sachin@gmail.com', 'Account Manager'),
('Sneha Arjun', 'sneha.arjun@gmail.com', 'Security Analyst'),
('Sachin Sunil', 'sachin.sunil@gmail.com', 'Account Manager'),
('Deepak Pooja', 'deepak.pooja@gmail.com', 'Technical Support'),
('Ajay Rashmi', 'ajay.rashmi@gmail.com', 'Security Analyst'),
('Ritu Ritu', 'ritu.ritu@gmail.com', 'Technical Support'),
('Sneha Rahul', 'sneha.rahul@gmail.com', 'Security Analyst'),
('Vikram Ravi', 'vikram.ravi@gmail.com', 'Billing Specialist'),
('Pallavi Rahul', 'pallavi.rahul@gmail.com', 'Technical Support'),
('Dinesh Divya', 'dinesh.divya@gmail.com', 'Billing Specialist');

SET IDENTITY_INSERT ticket_details ON;
INSERT INTO ticket_details (ticket_id, summary, ticket_description, customer_id, agent_id, category_id, status_id, created_at, sla_due_at, resolved_at) VALUES
(1, 'Request for data export feature', 'Reported that the application is performing slower than usual.', 88, 5,
3, 4, '2025-06-14 21:37:41', '2025-06-15 21:37:41', '2025-06-16 03:37:41'),
(2, 'Request for data export feature', 'Customer flagged a potential security vulnerability.', 72, 24,
7, 3, '2025-06-23 22:01:23', '2025-06-24 22:01:23', NULL),
(3, 'Feature not responding as expected', 'Ticket gets auto-closed even when the issue is not resolved.', 28, 16,
5, 5, '2025-06-09 22:33:55', '2025-06-10 22:33:55', '2025-06-10 17:33:55'),
(4, 'App crashes during login', 'Application crashes each time the user tries to log in.', 77, 10,
1, 3, '2025-06-07 15:50:08', '2025-06-08 15:50:08', '2025-06-08 12:50:08'),
(5, 'Unable to access account', 'User noticed unexplained charges and requested clarification.', 29, 39,
2, 4, '2025-06-14 09:02:13', '2025-06-15 09:02:13', NULL),
(6, 'App crashes during login', 'User noticed unexplained charges and requested clarification.', 61, 15,
2, 1, '2025-06-20 09:58:21', '2025-06-21 09:58:21', '2025-06-21 02:58:21'),
(7, 'Feature not responding as expected', 'Requested feature is either broken or not implemented properly.', 83, 39,
4, 2, '2025-06-29 19:09:26', '2025-06-30 19:09:26', NULL),
(8, 'Password reset not working', 'Customer reported an issue with logging into their account.', 14, 28,
3, 2, '2025-06-29 13:04:26', '2025-06-30 13:04:26', '2025-06-30 19:04:26'),
(9, 'Performance is very slow', 'Requested feature is either broken or not implemented properly.', 32, 21,
7, 1, '2025-06-13 03:53:06', '2025-06-14 03:53:06', '2025-06-14 02:53:06'),
(10, 'App crashes during login', 'Ticket gets auto-closed even when the issue is not resolved.', 30, 20,
2, 6, '2025-07-03 10:34:22', '2025-07-04 10:34:22', NULL),
(11, 'Unexpected charges on bill', 'Customer flagged a potential security vulnerability.', 19, 4,
4, 4, '2025-06-25 18:13:29', '2025-06-26 18:13:29', '2025-06-26 02:13:29'),
(12, 'Security vulnerability reported', 'User noticed unexplained charges and requested clarification.', 62, 7,
1, 3, '2025-06-24 07:50:43', '2025-06-25 07:50:43', NULL),
(13, 'Unexpected charges on bill', 'Customer faced delays in support response beyond SLA time.', 36, 5,
3, 6, '2025-06-08 09:46:16', '2025-06-09 09:46:16', NULL),
(14, 'Security vulnerability reported', 'Password reset link does not work as expected.', 87, 3,
1, 1, '2025-06-06 21:25:16', '2025-06-07 21:25:16', '2025-06-07 05:25:16'),
(15, 'Unable to access account', 'Customer reported an issue with logging into their account.', 37, 34,
7, 6, '2025-06-28 02:34:08', '2025-06-29 02:34:08', '2025-06-28 22:34:08'),
(16, 'Request for data export feature', 'User noticed unexplained charges and requested clarification.', 50, 27,
7, 2, '2025-06-19 20:46:00', '2025-06-20 20:46:00', NULL),
(17, 'Performance is very slow', 'User noticed unexplained charges and requested clarification.', 95, 21,
2, 1, '2025-06-12 07:05:39', '2025-06-13 07:05:39', '2025-06-12 18:05:39'),
(18, 'Unable to access account', 'User noticed unexplained charges and requested clarification.', 17, 12,
6, 6, '2025-06-24 06:28:57', '2025-06-25 06:28:57', '2025-06-25 09:28:57'),
(19, 'App crashes during login', 'Customer is requesting a new feature for exporting data.', 69, 26,
4, 4, '2025-06-16 20:05:50', '2025-06-17 20:05:50', '2025-06-18 19:05:50'),
(20, 'Request for data export feature', 'Application crashes each time the user tries to log in.', 19, 14,
6, 3, '2025-06-24 17:01:44', '2025-06-25 17:01:44', NULL),
(21, 'Password reset not working', 'Application crashes each time the user tries to log in.', 38, 1,
2, 1, '2025-06-11 12:27:08', '2025-06-12 12:27:08', '2025-06-13 02:27:08'),
(22, 'Delay in response from support', 'Reported that the application is performing slower than usual.', 17, 12,
4, 4, '2025-06-19 21:58:16', '2025-06-20 21:58:16', NULL),
(23, 'Unable to access account', 'Requested feature is either broken or not implemented properly.', 95, 13,
6, 1, '2025-06-05 19:59:59', '2025-06-06 19:59:59', NULL),
(24, 'Feature not responding as expected', 'Customer flagged a potential security vulnerability.', 26, 12,
4, 5, '2025-06-10 08:06:59', '2025-06-11 08:06:59', NULL),
(25, 'Password reset not working', 'Requested feature is either broken or not implemented properly.', 18, 15,
5, 4, '2025-06-17 06:44:55', '2025-06-18 06:44:55', NULL),
(26, 'Feature not responding as expected', 'Customer is requesting a new feature for exporting data.', 53, 7,
2, 1, '2025-06-16 00:34:09', '2025-06-17 00:34:09', '2025-06-16 10:34:09'),
(27, 'Feature not responding as expected', 'User noticed unexplained charges and requested clarification.', 25, 35,
1, 1, '2025-06-16 10:03:22', '2025-06-17 10:03:22', '2025-06-17 08:03:22'),
(28, 'Request for data export feature', 'Customer reported an issue with logging into their account.', 60, 29,
1, 5, '2025-06-14 10:15:24', '2025-06-15 10:15:24', NULL),
(29, 'Unable to access account', 'Reported that the application is performing slower than usual.', 78, 15,
2, 3, '2025-07-04 00:51:46', '2025-07-05 00:51:46', '2025-07-05 18:51:46'),
(30, 'Delay in response from support', 'Customer reported an issue with logging into their account.', 88, 34,
2, 5, '2025-06-10 09:32:48', '2025-06-11 09:32:48', NULL),
(31, 'App crashes during login', 'Requested feature is either broken or not implemented properly.', 70, 37,
1, 5, '2025-06-22 23:21:19', '2025-06-23 23:21:19', NULL),
(32, 'App crashes during login', 'Ticket gets auto-closed even when the issue is not resolved.', 70, 13,
1, 3, '2025-06-22 10:23:42', '2025-06-23 10:23:42', NULL),
(33, 'App crashes during login', 'Customer faced delays in support response beyond SLA time.', 33, 16,
5, 3, '2025-06-25 19:35:47', '2025-06-26 19:35:47', NULL),
(34, 'Security vulnerability reported', 'Customer is requesting a new feature for exporting data.', 97, 3,
4, 5, '2025-07-03 10:14:20', '2025-07-04 10:14:20', NULL),
(35, 'Feature not responding as expected', 'Requested feature is either broken or not implemented properly.', 30, 34,
6, 6, '2025-06-20 11:08:12', '2025-06-21 11:08:12', '2025-06-21 06:08:12'),
(36, 'Password reset not working', 'Customer is requesting a new feature for exporting data.', 62, 28,
7, 3, '2025-06-11 12:15:28', '2025-06-12 12:15:28', '2025-06-12 09:15:28'),
(37, 'Delay in response from support', 'Reported that the application is performing slower than usual.', 93, 35,
6, 2, '2025-06-22 06:18:04', '2025-06-23 06:18:04', NULL),
(38, 'Unexpected charges on bill', 'Customer faced delays in support response beyond SLA time.', 58, 16,
7, 1, '2025-06-17 10:34:43', '2025-06-18 10:34:43', '2025-06-18 22:34:43'),
(39, 'App crashes during login', 'Password reset link does not work as expected.', 20, 34,
7, 6, '2025-07-04 05:34:01', '2025-07-05 05:34:01', '2025-07-05 21:34:01'),
(40, 'App crashes during login', 'Requested feature is either broken or not implemented properly.', 2, 31,
7, 6, '2025-06-11 16:21:18', '2025-06-12 16:21:18', '2025-06-12 03:21:18'),
(41, 'Feature not responding as expected', 'Reported that the application is performing slower than usual.', 69, 22,
7, 2, '2025-06-19 21:58:14', '2025-06-20 21:58:14', NULL),
(42, 'Password reset not working', 'Requested feature is either broken or not implemented properly.', 76, 9,
4, 2, '2025-06-26 18:58:42', '2025-06-27 18:58:42', NULL),
(43, 'Delay in response from support', 'Reported that the application is performing slower than usual.', 59, 21,
5, 5, '2025-06-08 15:18:16', '2025-06-09 15:18:16', NULL),
(44, 'Ticket auto-closes prematurely', 'Customer reported an issue with logging into their account.', 45, 22,
4, 6, '2025-06-14 01:17:25', '2025-06-15 01:17:25', NULL),
(45, 'Performance is very slow', 'Password reset link does not work as expected.', 38, 33,
3, 1, '2025-06-24 15:18:23', '2025-06-25 15:18:23', NULL),
(46, 'Unable to access account', 'Customer reported an issue with logging into their account.', 48, 9,
6, 4, '2025-06-11 19:44:25', '2025-06-12 19:44:25', NULL),
(47, 'App crashes during login', 'Ticket gets auto-closed even when the issue is not resolved.', 5, 27,
3, 3, '2025-06-20 01:24:38', '2025-06-21 01:24:38', '2025-06-20 15:24:38'),
(48, 'Delay in response from support', 'Reported that the application is performing slower than usual.', 50, 26,
4, 4, '2025-06-15 14:41:11', '2025-06-16 14:41:11', NULL),
(49, 'Security vulnerability reported', 'Customer faced delays in support response beyond SLA time.', 28, 7,
3, 5, '2025-06-08 21:51:51', '2025-06-09 21:51:51', NULL),
(50, 'Delay in response from support', 'Customer faced delays in support response beyond SLA time.', 60, 28,
3, 5, '2025-06-13 15:32:51', '2025-06-14 15:32:51', NULL),
(51, 'Delay in response from support', 'Requested feature is either broken or not implemented properly.', 12, 9,
1, 1, '2025-06-09 21:43:06', '2025-06-10 21:43:06', NULL),
(52, 'Performance is very slow', 'Requested feature is either broken or not implemented properly.', 64, 37,
7, 5, '2025-06-24 12:59:48', '2025-06-25 12:59:48', '2025-06-25 21:59:48'),
(53, 'Delay in response from support', 'Requested feature is either broken or not implemented properly.', 4, 3,
6, 4, '2025-06-29 00:58:11', '2025-06-30 00:58:11', '2025-06-29 19:58:11'),
(54, 'Unexpected charges on bill', 'Reported that the application is performing slower than usual.', 11, 21,
7, 6, '2025-07-05 03:41:14', '2025-07-06 03:41:14', NULL),
(55, 'Security vulnerability reported', 'Reported that the application is performing slower than usual.', 51, 36,
6, 4, '2025-06-23 00:05:24', '2025-06-24 00:05:24', NULL),
(56, 'App crashes during login', 'Customer reported an issue with logging into their account.', 1, 8,
1, 4, '2025-06-06 23:57:20', '2025-06-07 23:57:20', '2025-06-08 21:57:20'),
(57, 'Security vulnerability reported', 'Customer is requesting a new feature for exporting data.', 66, 36,
6, 5, '2025-06-11 20:06:46', '2025-06-12 20:06:46', NULL),
(58, 'Unable to access account', 'Ticket gets auto-closed even when the issue is not resolved.', 86, 21,
5, 6, '2025-06-10 12:38:21', '2025-06-11 12:38:21', '2025-06-11 18:38:21'),
(59, 'Password reset not working', 'User noticed unexplained charges and requested clarification.', 49, 12,
3, 2, '2025-06-08 08:45:10', '2025-06-09 08:45:10', '2025-06-09 03:45:10'),
(60, 'Password reset not working', 'Password reset link does not work as expected.', 48, 14,
3, 1, '2025-06-12 04:20:22', '2025-06-13 04:20:22', NULL),
(61, 'Delay in response from support', 'Reported that the application is performing slower than usual.', 43, 19,
6, 4, '2025-06-23 10:24:29', '2025-06-24 10:24:29', '2025-06-23 12:24:29'),
(62, 'Unexpected charges on bill', 'Password reset link does not work as expected.', 7, 15,
5, 2, '2025-06-23 23:15:26', '2025-06-24 23:15:26', '2025-06-24 14:15:26'),
(63, 'Unexpected charges on bill', 'User noticed unexplained charges and requested clarification.', 55, 15,
3, 2, '2025-07-01 10:46:22', '2025-07-02 10:46:22', NULL),
(64, 'Feature not responding as expected', 'Customer faced delays in support response beyond SLA time.', 35, 21,
7, 3, '2025-06-18 11:07:27', '2025-06-19 11:07:27', '2025-06-19 09:07:27'),
(65, 'Feature not responding as expected', 'Customer is requesting a new feature for exporting data.', 28, 24,
3, 2, '2025-06-08 06:15:40', '2025-06-09 06:15:40', NULL),
(66, 'App crashes during login', 'Password reset link does not work as expected.', 76, 21,
3, 3, '2025-06-15 13:27:06', '2025-06-16 13:27:06', NULL),
(67, 'Performance is very slow', 'Ticket gets auto-closed even when the issue is not resolved.', 53, 1,
2, 2, '2025-06-15 23:34:52', '2025-06-16 23:34:52', '2025-06-17 14:34:52'),
(68, 'Unexpected charges on bill', 'Customer flagged a potential security vulnerability.', 33, 26,
1, 4, '2025-06-25 15:55:25', '2025-06-26 15:55:25', NULL),
(69, 'Unexpected charges on bill', 'Password reset link does not work as expected.', 89, 26,
1, 3, '2025-06-18 13:09:32', '2025-06-19 13:09:32', NULL),
(70, 'App crashes during login', 'Password reset link does not work as expected.', 94, 33,
2, 5, '2025-06-26 19:08:53', '2025-06-27 19:08:53', NULL),
(71, 'Feature not responding as expected', 'User noticed unexplained charges and requested clarification.', 52, 14,
5, 6, '2025-07-04 05:37:42', '2025-07-05 05:37:42', NULL),
(72, 'Security vulnerability reported', 'Requested feature is either broken or not implemented properly.', 92, 32,
4, 2, '2025-06-15 09:07:54', '2025-06-16 09:07:54', '2025-06-15 23:07:54'),
(73, 'Feature not responding as expected', 'Reported that the application is performing slower than usual.', 24, 11,
6, 6, '2025-06-21 21:21:35', '2025-06-22 21:21:35', NULL),
(74, 'App crashes during login', 'Reported that the application is performing slower than usual.', 58, 35,
7, 3, '2025-06-08 11:12:43', '2025-06-09 11:12:43', '2025-06-09 20:12:43'),
(75, 'Feature not responding as expected', 'Customer faced delays in support response beyond SLA time.', 18, 5,
7, 2, '2025-06-19 18:46:07', '2025-06-20 18:46:07', NULL),
(76, 'Password reset not working', 'Password reset link does not work as expected.', 84, 22,
6, 3, '2025-06-11 11:45:14', '2025-06-12 11:45:14', '2025-06-11 16:45:14'),
(77, 'Unexpected charges on bill', 'Ticket gets auto-closed even when the issue is not resolved.', 89, 23,
7, 5, '2025-06-27 00:39:17', '2025-06-28 00:39:17', '2025-06-27 21:39:17'),
(78, 'Request for data export feature', 'Requested feature is either broken or not implemented properly.', 69, 19,
6, 2, '2025-06-14 05:11:58', '2025-06-15 05:11:58', '2025-06-14 21:11:58'),
(79, 'Performance is very slow', 'Password reset link does not work as expected.', 28, 20,
4, 6, '2025-06-23 02:54:23', '2025-06-24 02:54:23', NULL),
(80, 'Feature not responding as expected', 'Ticket gets auto-closed even when the issue is not resolved.', 23, 40,
4, 3, '2025-06-15 03:35:14', '2025-06-16 03:35:14', NULL),
(81, 'App crashes during login', 'Ticket gets auto-closed even when the issue is not resolved.', 4, 28,
1, 5, '2025-06-11 16:05:48', '2025-06-12 16:05:48', NULL),
(82, 'App crashes during login', 'Reported that the application is performing slower than usual.', 59, 35,
4, 6, '2025-06-18 23:58:52', '2025-06-19 23:58:52', '2025-06-19 01:58:52'),
(83, 'Unable to access account', 'Ticket gets auto-closed even when the issue is not resolved.', 50, 40,
4, 1, '2025-06-30 02:49:16', '2025-07-01 02:49:16', '2025-07-01 16:49:16'),
(84, 'Unable to access account', 'Reported that the application is performing slower than usual.', 32, 34,
2, 1, '2025-06-19 21:12:08', '2025-06-20 21:12:08', '2025-06-20 22:12:08'),
(85, 'Password reset not working', 'Requested feature is either broken or not implemented properly.', 3, 2,
1, 3, '2025-06-07 01:34:00', '2025-06-08 01:34:00', NULL),
(86, 'Request for data export feature', 'Customer flagged a potential security vulnerability.', 65, 34,
4, 2, '2025-06-24 00:55:47', '2025-06-25 00:55:47', '2025-06-25 21:55:47'),
(87, 'Ticket auto-closes prematurely', 'Password reset link does not work as expected.', 38, 27,
3, 4, '2025-06-17 02:03:37', '2025-06-18 02:03:37', '2025-06-17 20:03:37'),
(88, 'Request for data export feature', 'Customer is requesting a new feature for exporting data.', 50, 2,
1, 1, '2025-06-25 00:28:36', '2025-06-26 00:28:36', NULL),
(89, 'Unable to access account', 'Reported that the application is performing slower than usual.', 98, 2,
7, 3, '2025-06-23 07:30:00', '2025-06-24 07:30:00', '2025-06-23 17:30:00'),
(90, 'Unexpected charges on bill', 'Requested feature is either broken or not implemented properly.', 90, 25,
2, 2, '2025-06-06 08:26:54', '2025-06-07 08:26:54', NULL),
(91, 'Unable to access account', 'Customer reported an issue with logging into their account.', 47, 38,
3, 2, '2025-06-21 06:49:16', '2025-06-22 06:49:16', NULL),
(92, 'Security vulnerability reported', 'Customer flagged a potential security vulnerability.', 26, 14,
7, 5, '2025-06-28 23:27:54', '2025-06-29 23:27:54', NULL),
(93, 'Unable to access account', 'Customer is requesting a new feature for exporting data.', 4, 17,
3, 3, '2025-06-09 00:46:04', '2025-06-10 00:46:04', NULL),
(94, 'Unexpected charges on bill', 'Customer faced delays in support response beyond SLA time.', 60, 27,
6, 2, '2025-06-06 07:22:21', '2025-06-07 07:22:21', '2025-06-08 05:22:21'),
(95, 'Delay in response from support', 'Customer reported an issue with logging into their account.', 91, 10,
7, 6, '2025-06-19 02:36:06', '2025-06-20 02:36:06', NULL),
(96, 'App crashes during login', 'Password reset link does not work as expected.', 33, 21,
3, 2, '2025-06-20 20:47:05', '2025-06-21 20:47:05', '2025-06-22 09:47:05'),
(97, 'Request for data export feature', 'Application crashes each time the user tries to log in.', 55, 26,
2, 1, '2025-06-10 15:01:01', '2025-06-11 15:01:01', '2025-06-12 05:01:01'),
(98, 'Password reset not working', 'Customer reported an issue with logging into their account.', 28, 20,
2, 1, '2025-06-23 10:01:09', '2025-06-24 10:01:09', '2025-06-24 08:01:09'),
(99, 'Password reset not working', 'Customer faced delays in support response beyond SLA time.', 15, 38,
4, 4, '2025-06-24 12:12:45', '2025-06-25 12:12:45', NULL),
(100, 'App crashes during login', 'Requested feature is either broken or not implemented properly.', 68, 28,
4, 5, '2025-06-24 08:50:51', '2025-06-25 08:50:51', NULL),
(101, 'Security vulnerability reported', 'Requested feature is either broken or not implemented properly.', 4, 37,
2, 2, '2025-06-11 21:42:47', '2025-06-12 21:42:47', NULL),
(102, 'Password reset not working', 'Customer reported an issue with logging into their account.', 23, 3,
1, 1, '2025-06-29 20:11:43', '2025-06-30 20:11:43', NULL),
(103, 'Performance is very slow', 'Customer faced delays in support response beyond SLA time.', 6, 2,
2, 6, '2025-06-11 15:09:02', '2025-06-12 15:09:02', '2025-06-13 00:09:02'),
(104, 'Security vulnerability reported', 'Requested feature is either broken or not implemented properly.', 67, 1,
2, 2, '2025-06-15 01:33:56', '2025-06-16 01:33:56', '2025-06-16 18:33:56'),
(105, 'Performance is very slow', 'Reported that the application is performing slower than usual.', 38, 22,
6, 5, '2025-06-06 07:18:04', '2025-06-07 07:18:04', NULL),
(106, 'Performance is very slow', 'Ticket gets auto-closed even when the issue is not resolved.', 94, 7,
6, 3, '2025-06-13 22:19:52', '2025-06-14 22:19:52', NULL),
(107, 'Unexpected charges on bill', 'Reported that the application is performing slower than usual.', 61, 25,
7, 5, '2025-06-17 16:19:58', '2025-06-18 16:19:58', '2025-06-18 03:19:58'),
(108, 'Request for data export feature', 'User noticed unexplained charges and requested clarification.', 2, 30,
3, 5, '2025-06-21 04:36:46', '2025-06-22 04:36:46', NULL),
(109, 'Performance is very slow', 'Customer reported an issue with logging into their account.', 5, 32,
2, 4, '2025-06-10 23:33:43', '2025-06-11 23:33:43', NULL),
(110, 'Request for data export feature', 'Password reset link does not work as expected.', 33, 16,
5, 5, '2025-06-06 07:47:53', '2025-06-07 07:47:53', NULL),
(111, 'Feature not responding as expected', 'Customer reported an issue with logging into their account.', 69, 23,
1, 3, '2025-06-12 00:44:26', '2025-06-13 00:44:26', '2025-06-13 08:44:26'),
(112, 'Unable to access account', 'Customer flagged a potential security vulnerability.', 23, 22,
5, 3, '2025-06-24 02:04:24', '2025-06-25 02:04:24', NULL),
(113, 'Request for data export feature', 'Customer reported an issue with logging into their account.', 49, 12,
5, 5, '2025-06-12 04:26:57', '2025-06-13 04:26:57', NULL),
(114, 'Request for data export feature', 'Application crashes each time the user tries to log in.', 91, 15,
4, 3, '2025-06-22 12:04:04', '2025-06-23 12:04:04', '2025-06-23 22:04:04'),
(115, 'Ticket auto-closes prematurely', 'Customer faced delays in support response beyond SLA time.', 23, 26,
2, 6, '2025-06-05 16:43:10', '2025-06-06 16:43:10', '2025-06-07 11:43:10'),
(116, 'Feature not responding as expected', 'User noticed unexplained charges and requested clarification.', 89, 12,
5, 3, '2025-06-25 02:25:25', '2025-06-26 02:25:25', '2025-06-27 00:25:25'),
(117, 'Security vulnerability reported', 'Reported that the application is performing slower than usual.', 66, 32,
3, 6, '2025-06-09 03:10:50', '2025-06-10 03:10:50', NULL),
(118, 'Security vulnerability reported', 'Application crashes each time the user tries to log in.', 90, 33,
7, 1, '2025-06-29 04:46:01', '2025-06-30 04:46:01', '2025-06-29 12:46:01'),
(119, 'Password reset not working', 'Ticket gets auto-closed even when the issue is not resolved.', 1, 10,
3, 4, '2025-06-08 07:45:19', '2025-06-09 07:45:19', '2025-06-08 15:45:19'),
(120, 'Delay in response from support', 'Requested feature is either broken or not implemented properly.', 34, 12,
6, 5, '2025-07-02 12:56:59', '2025-07-03 12:56:59', '2025-07-02 18:56:59'),
(121, 'Feature not responding as expected', 'Customer faced delays in support response beyond SLA time.', 94, 29,
4, 6, '2025-06-24 08:59:42', '2025-06-25 08:59:42', NULL),
(122, 'Unexpected charges on bill', 'Ticket gets auto-closed even when the issue is not resolved.', 97, 7,
1, 6, '2025-06-08 13:48:44', '2025-06-09 13:48:44', NULL),
(123, 'Ticket auto-closes prematurely', 'User noticed unexplained charges and requested clarification.', 71, 24,
5, 3, '2025-06-17 21:21:15', '2025-06-18 21:21:15', NULL),
(124, 'App crashes during login', 'Customer flagged a potential security vulnerability.', 21, 8,
6, 4, '2025-06-19 10:24:33', '2025-06-20 10:24:33', '2025-06-20 00:24:33'),
(125, 'Password reset not working', 'Ticket gets auto-closed even when the issue is not resolved.', 97, 38,
6, 3, '2025-07-03 15:15:19', '2025-07-04 15:15:19', '2025-07-05 10:15:19'),
(126, 'App crashes during login', 'Password reset link does not work as expected.', 45, 36,
3, 4, '2025-06-27 21:31:12', '2025-06-28 21:31:12', '2025-06-29 01:31:12'),
(127, 'Delay in response from support', 'Reported that the application is performing slower than usual.', 4, 24,
5, 3, '2025-06-09 09:35:57', '2025-06-10 09:35:57', NULL),
(128, 'App crashes during login', 'Ticket gets auto-closed even when the issue is not resolved.', 14, 26,
4, 2, '2025-06-12 10:18:35', '2025-06-13 10:18:35', '2025-06-13 01:18:35'),
(129, 'Unable to access account', 'Ticket gets auto-closed even when the issue is not resolved.', 93, 35,
7, 1, '2025-07-03 23:42:35', '2025-07-04 23:42:35', NULL),
(130, 'Delay in response from support', 'Ticket gets auto-closed even when the issue is not resolved.', 67, 18,
4, 4, '2025-06-09 23:04:56', '2025-06-10 23:04:56', NULL),
(131, 'Security vulnerability reported', 'User noticed unexplained charges and requested clarification.', 37, 40,
4, 1, '2025-07-02 01:26:43', '2025-07-03 01:26:43', NULL),
(132, 'Password reset not working', 'Requested feature is either broken or not implemented properly.', 82, 28,
4, 3, '2025-06-27 20:19:36', '2025-06-28 20:19:36', NULL),
(133, 'App crashes during login', 'Application crashes each time the user tries to log in.', 72, 8,
1, 3, '2025-06-28 14:53:01', '2025-06-29 14:53:01', NULL),
(134, 'Request for data export feature', 'Customer is requesting a new feature for exporting data.', 83, 5,
4, 4, '2025-06-18 07:43:09', '2025-06-19 07:43:09', NULL),
(135, 'Delay in response from support', 'User noticed unexplained charges and requested clarification.', 64, 22,
4, 6, '2025-06-12 10:20:43', '2025-06-13 10:20:43', '2025-06-13 01:20:43'),
(136, 'Delay in response from support', 'Customer reported an issue with logging into their account.', 80, 19,
2, 1, '2025-06-05 18:51:15', '2025-06-06 18:51:15', NULL),
(137, 'Ticket auto-closes prematurely', 'Customer is requesting a new feature for exporting data.', 85, 7,
7, 1, '2025-06-17 19:25:00', '2025-06-18 19:25:00', '2025-06-19 04:25:00'),
(138, 'Request for data export feature', 'Application crashes each time the user tries to log in.', 84, 3,
1, 4, '2025-06-12 13:13:37', '2025-06-13 13:13:37', '2025-06-12 15:13:37'),
(139, 'Feature not responding as expected', 'Application crashes each time the user tries to log in.', 54, 7,
3, 2, '2025-06-07 15:25:56', '2025-06-08 15:25:56', NULL),
(140, 'App crashes during login', 'Customer reported an issue with logging into their account.', 19, 37,
4, 4, '2025-06-29 00:20:18', '2025-06-30 00:20:18', '2025-06-29 08:20:18'),
(141, 'Feature not responding as expected', 'User noticed unexplained charges and requested clarification.', 11, 9,
5, 1, '2025-06-29 11:44:47', '2025-06-30 11:44:47', NULL),
(142, 'App crashes during login', 'Application crashes each time the user tries to log in.', 8, 32,
2, 2, '2025-06-22 17:14:13', '2025-06-23 17:14:13', NULL),
(143, 'Unable to access account', 'User noticed unexplained charges and requested clarification.', 11, 2,
7, 3, '2025-06-20 03:17:49', '2025-06-21 03:17:49', '2025-06-21 10:17:49'),
(144, 'Feature not responding as expected', 'Password reset link does not work as expected.', 17, 1,
4, 4, '2025-07-04 21:04:42', '2025-07-05 21:04:42', '2025-07-06 12:04:42'),
(145, 'Unable to access account', 'Customer is requesting a new feature for exporting data.', 69, 35,
3, 5, '2025-06-29 14:39:21', '2025-06-30 14:39:21', '2025-07-01 00:39:21'),
(146, 'Performance is very slow', 'Customer flagged a potential security vulnerability.', 36, 8,
6, 5, '2025-06-17 22:32:15', '2025-06-18 22:32:15', NULL),
(147, 'Performance is very slow', 'Customer faced delays in support response beyond SLA time.', 38, 32,
3, 4, '2025-06-27 08:52:59', '2025-06-28 08:52:59', '2025-06-29 07:52:59'),
(148, 'Unexpected charges on bill', 'Password reset link does not work as expected.', 89, 15,
7, 2, '2025-07-01 01:57:55', '2025-07-02 01:57:55', '2025-07-01 16:57:55'),
(149, 'Ticket auto-closes prematurely', 'Customer reported an issue with logging into their account.', 81, 15,
1, 1, '2025-06-05 06:31:20', '2025-06-06 06:31:20', '2025-06-05 18:31:20'),
(150, 'Performance is very slow', 'Requested feature is either broken or not implemented properly.', 81, 6,
6, 3, '2025-06-18 18:07:43', '2025-06-19 18:07:43', NULL),
(151, 'Request for data export feature', 'Password reset link does not work as expected.', 26, 13,
1, 1, '2025-06-30 05:29:29', '2025-07-01 05:29:29', '2025-06-30 12:29:29'),
(152, 'Password reset not working', 'User noticed unexplained charges and requested clarification.', 33, 23,
6, 5, '2025-06-13 16:38:37', '2025-06-14 16:38:37', '2025-06-13 20:38:37'),
(153, 'Unexpected charges on bill', 'Reported that the application is performing slower than usual.', 65, 6,
7, 4, '2025-06-13 07:01:52', '2025-06-14 07:01:52', NULL),
(154, 'Feature not responding as expected', 'Reported that the application is performing slower than usual.', 76, 2,
3, 4, '2025-06-30 16:28:24', '2025-07-01 16:28:24', NULL),
(155, 'Security vulnerability reported', 'Requested feature is either broken or not implemented properly.', 80, 26,
6, 6, '2025-06-24 10:45:22', '2025-06-25 10:45:22', NULL),
(156, 'Unable to access account', 'Ticket gets auto-closed even when the issue is not resolved.', 65, 33,
3, 4, '2025-06-29 04:41:39', '2025-06-30 04:41:39', '2025-06-30 22:41:39'),
(157, 'Unable to access account', 'Customer reported an issue with logging into their account.', 6, 8,
2, 5, '2025-07-03 23:41:48', '2025-07-04 23:41:48', NULL),
(158, 'App crashes during login', 'Password reset link does not work as expected.', 49, 25,
3, 2, '2025-06-15 19:02:44', '2025-06-16 19:02:44', NULL),
(159, 'Password reset not working', 'Customer flagged a potential security vulnerability.', 61, 23,
6, 5, '2025-06-18 06:53:00', '2025-06-19 06:53:00', '2025-06-18 21:53:00'),
(160, 'Password reset not working', 'User noticed unexplained charges and requested clarification.', 38, 12,
4, 2, '2025-06-09 09:43:02', '2025-06-10 09:43:02', NULL),
(161, 'Unexpected charges on bill', 'Customer reported an issue with logging into their account.', 7, 17,
7, 3, '2025-06-30 12:13:04', '2025-07-01 12:13:04', NULL),
(162, 'Delay in response from support', 'Customer is requesting a new feature for exporting data.', 62, 32,
3, 1, '2025-06-29 17:59:17', '2025-06-30 17:59:17', '2025-07-01 04:59:17'),
(163, 'Ticket auto-closes prematurely', 'Ticket gets auto-closed even when the issue is not resolved.', 69, 19,
2, 6, '2025-06-09 04:16:27', '2025-06-10 04:16:27', '2025-06-10 08:16:27'),
(164, 'Delay in response from support', 'Customer flagged a potential security vulnerability.', 6, 11,
5, 2, '2025-06-16 17:25:53', '2025-06-17 17:25:53', NULL),
(165, 'Unable to access account', 'Ticket gets auto-closed even when the issue is not resolved.', 60, 26,
4, 5, '2025-06-09 15:53:35', '2025-06-10 15:53:35', NULL),
(166, 'Feature not responding as expected', 'Customer is requesting a new feature for exporting data.', 11, 26,
3, 6, '2025-07-04 06:37:07', '2025-07-05 06:37:07', NULL),
(167, 'Security vulnerability reported', 'User noticed unexplained charges and requested clarification.', 45, 28,
6, 1, '2025-07-04 03:58:54', '2025-07-05 03:58:54', NULL),
(168, 'Delay in response from support', 'Customer faced delays in support response beyond SLA time.', 48, 15,
5, 3, '2025-06-20 00:05:48', '2025-06-21 00:05:48', '2025-06-21 07:05:48'),
(169, 'App crashes during login', 'Reported that the application is performing slower than usual.', 25, 12,
2, 6, '2025-06-22 18:58:39', '2025-06-23 18:58:39', '2025-06-23 10:58:39'),
(170, 'Unable to access account', 'Customer flagged a potential security vulnerability.', 57, 30,
3, 4, '2025-06-20 09:09:37', '2025-06-21 09:09:37', '2025-06-21 17:09:37'),
(171, 'Ticket auto-closes prematurely', 'Customer is requesting a new feature for exporting data.', 89, 9,
2, 3, '2025-07-01 07:21:47', '2025-07-02 07:21:47', NULL),
(172, 'Delay in response from support', 'Ticket gets auto-closed even when the issue is not resolved.', 81, 29,
7, 1, '2025-06-21 02:08:04', '2025-06-22 02:08:04', NULL),
(173, 'Password reset not working', 'Customer reported an issue with logging into their account.', 24, 29,
5, 5, '2025-06-15 17:37:41', '2025-06-16 17:37:41', NULL),
(174, 'Delay in response from support', 'Customer reported an issue with logging into their account.', 75, 5,
2, 3, '2025-07-04 02:17:03', '2025-07-05 02:17:03', NULL),
(175, 'Security vulnerability reported', 'Password reset link does not work as expected.', 35, 19,
4, 6, '2025-06-11 07:25:46', '2025-06-12 07:25:46', '2025-06-11 15:25:46'),
(176, 'Feature not responding as expected', 'Requested feature is either broken or not implemented properly.', 33, 22,
2, 1, '2025-06-24 05:16:01', '2025-06-25 05:16:01', NULL),
(177, 'Ticket auto-closes prematurely', 'Customer faced delays in support response beyond SLA time.', 21, 15,
1, 5, '2025-06-29 06:34:42', '2025-06-30 06:34:42', NULL),
(178, 'Ticket auto-closes prematurely', 'Customer faced delays in support response beyond SLA time.', 1, 4,
2, 1, '2025-06-29 19:43:17', '2025-06-30 19:43:17', '2025-07-01 14:43:17'),
(179, 'Security vulnerability reported', 'User noticed unexplained charges and requested clarification.', 36, 31,
5, 6, '2025-06-28 14:54:35', '2025-06-29 14:54:35', '2025-06-29 02:54:35'),
(180, 'Ticket auto-closes prematurely', 'Application crashes each time the user tries to log in.', 28, 19,
5, 3, '2025-06-25 10:13:17', '2025-06-26 10:13:17', NULL),
(181, 'Unexpected charges on bill', 'Requested feature is either broken or not implemented properly.', 32, 39,
3, 6, '2025-06-14 23:04:17', '2025-06-15 23:04:17', NULL),
(182, 'Unable to access account', 'Password reset link does not work as expected.', 72, 3,
1, 2, '2025-06-09 00:52:27', '2025-06-10 00:52:27', NULL),
(183, 'Delay in response from support', 'Password reset link does not work as expected.', 98, 36,
6, 6, '2025-06-30 02:47:17', '2025-07-01 02:47:17', '2025-07-01 01:47:17'),
(184, 'Unable to access account', 'Customer is requesting a new feature for exporting data.', 9, 27,
4, 4, '2025-06-26 02:59:08', '2025-06-27 02:59:08', NULL),
(185, 'Feature not responding as expected', 'Customer reported an issue with logging into their account.', 25, 13,
6, 3, '2025-06-29 19:26:17', '2025-06-30 19:26:17', '2025-06-30 19:26:17'),
(186, 'App crashes during login', 'Requested feature is either broken or not implemented properly.', 99, 11,
6, 2, '2025-07-02 18:43:26', '2025-07-03 18:43:26', '2025-07-03 02:43:26'),
(187, 'Request for data export feature', 'Customer is requesting a new feature for exporting data.', 38, 16,
1, 1, '2025-06-11 13:00:43', '2025-06-12 13:00:43', '2025-06-11 23:00:43'),
(188, 'Performance is very slow', 'Customer flagged a potential security vulnerability.', 93, 15,
6, 4, '2025-06-21 02:48:24', '2025-06-22 02:48:24', '2025-06-23 01:48:24'),
(189, 'Unexpected charges on bill', 'Requested feature is either broken or not implemented properly.', 40, 16,
4, 2, '2025-06-24 05:01:29', '2025-06-25 05:01:29', NULL),
(190, 'Request for data export feature', 'Customer is requesting a new feature for exporting data.', 81, 28,
5, 2, '2025-06-05 07:14:20', '2025-06-06 07:14:20', '2025-06-06 13:14:20'),
(191, 'Unable to access account', 'Password reset link does not work as expected.', 63, 16,
5, 3, '2025-06-17 15:28:08', '2025-06-18 15:28:08', NULL),
(192, 'Performance is very slow', 'Password reset link does not work as expected.', 79, 19,
3, 6, '2025-06-24 14:41:26', '2025-06-25 14:41:26', '2025-06-24 21:41:26'),
(193, 'Unable to access account', 'Customer reported an issue with logging into their account.', 81, 38,
5, 2, '2025-07-03 00:20:59', '2025-07-04 00:20:59', NULL),
(194, 'Feature not responding as expected', 'Customer faced delays in support response beyond SLA time.', 29, 5,
1, 4, '2025-06-16 12:51:25', '2025-06-17 12:51:25', '2025-06-17 12:51:25'),
(195, 'Ticket auto-closes prematurely', 'User noticed unexplained charges and requested clarification.', 93, 23,
5, 5, '2025-06-21 04:35:42', '2025-06-22 04:35:42', '2025-06-22 15:35:42'),
(196, 'Feature not responding as expected', 'Reported that the application is performing slower than usual.', 99, 9,
6, 5, '2025-06-30 23:17:59', '2025-07-01 23:17:59', '2025-07-02 10:17:59'),
(197, 'Password reset not working', 'User noticed unexplained charges and requested clarification.', 66, 1,
7, 6, '2025-06-25 15:36:13', '2025-06-26 15:36:13', NULL),
(198, 'Password reset not working', 'Customer flagged a potential security vulnerability.', 99, 20,
7, 5, '2025-06-26 16:23:12', '2025-06-27 16:23:12', '2025-06-27 20:23:12'),
(199, 'Unable to access account', 'Ticket gets auto-closed even when the issue is not resolved.', 52, 35,
4, 6, '2025-06-28 10:35:19', '2025-06-29 10:35:19', '2025-06-28 15:35:19'),
(200, 'Feature not responding as expected', 'Reported that the application is performing slower than usual.', 69, 1,
6, 6, '2025-07-02 21:28:15', '2025-07-03 21:28:15', '2025-07-03 18:28:15');
SET IDENTITY_INSERT ticket_details OFF;

SET IDENTITY_INSERT ticket_logs ON;
INSERT INTO ticket_logs (log_id, ticket_id, status_id, changed_at, changed_by) VALUES
(1, 1, 3, '2025-07-02 08:49:46', 'Sachin Sunil'),
(2, 1, 4, '2025-06-29 03:17:28', 'Arjun Suresh'),
(3, 2, 3, '2025-06-25 19:15:23', 'Vinod Anjali'),
(4, 2, 4, '2025-06-25 21:51:08', 'Naveen Dinesh'),
(5, 3, 2, '2025-06-21 13:18:56', 'Arjun Vikram'),
(6, 3, 4, '2025-07-03 03:30:01', 'Pallavi Rahul'),
(7, 4, 3, '2025-06-24 17:20:57', 'Divya Pallavi'),
(8, 4, 1, '2025-06-18 05:29:20', 'Rekha Vikram'),
(9, 4, 2, '2025-06-30 00:44:19', 'Sneha Rahul'),
(10, 5, 6, '2025-06-25 05:10:05', 'Amit Sunil'),
(11, 5, 1, '2025-06-17 16:29:19', 'Deepak Pooja'),
(12, 6, 6, '2025-06-30 17:26:25', 'Priya Divya'),
(13, 6, 1, '2025-06-23 18:57:28', 'Arjun Neha'),
(14, 7, 3, '2025-07-01 06:52:39', 'Arjun Vikram'),
(15, 7, 2, '2025-06-19 08:38:17', 'Sneha Rahul'),
(16, 7, 1, '2025-06-08 21:25:51', 'Rekha Vikram'),
(17, 8, 5, '2025-06-06 22:11:22', 'Neha Deepak'),
(18, 8, 1, '2025-06-10 02:07:15', 'Arjun Vikram'),
(19, 9, 2, '2025-07-01 18:33:29', 'Deepak Rekha'),
(20, 9, 3, '2025-06-24 23:49:28', 'Naveen Divya'),
(21, 9, 6, '2025-07-04 07:52:46', 'Rakesh Suresh'),
(22, 10, 4, '2025-06-09 23:00:24', 'Deepak Pooja'),
(23, 10, 1, '2025-06-17 00:35:00', 'Anil Arjun'),
(24, 11, 3, '2025-06-07 17:36:04', 'Pankaj Dinesh'),
(25, 11, 6, '2025-06-27 12:00:40', 'Vikram Ravi'),
(26, 12, 6, '2025-06-15 02:26:43', 'Dinesh Divya'),
(27, 12, 3, '2025-06-28 01:59:14', 'Priya Divya'),
(28, 13, 3, '2025-06-18 22:54:05', 'Deepak Pooja'),
(29, 13, 6, '2025-06-09 01:49:24', 'Arjun Vikram'),
(30, 14, 1, '2025-06-17 12:09:01', 'Vikram Yash'),
(31, 14, 3, '2025-06-23 06:12:21', 'Naveen Dinesh'),
(32, 15, 3, '2025-06-20 06:57:22', 'Swati Pallavi'),
(33, 15, 2, '2025-06-29 06:08:28', 'Kavita Amit'),
(34, 15, 1, '2025-06-14 09:21:46', 'Swati Pallavi'),
(35, 16, 6, '2025-06-27 23:27:52', 'Arjun Suresh'),
(36, 16, 2, '2025-06-12 02:44:48', 'Rashmi Arjun'),
(37, 17, 1, '2025-06-22 20:20:06', 'Rakesh Suresh'),
(38, 17, 2, '2025-06-27 13:31:53', 'Neha Deepak'),
(39, 18, 3, '2025-06-24 18:09:36', 'Arjun Neha'),
(40, 18, 5, '2025-06-14 13:34:57', 'Vikram Ravi'),
(41, 18, 6, '2025-06-20 06:52:48', 'Anil Arjun'),
(42, 19, 5, '2025-06-30 06:21:51', 'Arjun Vikram'),
(43, 19, 6, '2025-07-02 23:35:30', 'Dinesh Kavita'),
(44, 19, 1, '2025-06-22 02:28:47', 'Priya Divya'),
(45, 20, 3, '2025-06-19 02:55:04', 'Anil Arjun'),
(46, 20, 5, '2025-06-29 05:42:54', 'Dinesh Kavita'),
(47, 20, 2, '2025-06-14 20:45:30', 'Sachin Sunil'),
(48, 21, 5, '2025-06-28 08:36:20', 'Sneha Rahul'),
(49, 21, 1, '2025-06-20 04:31:21', 'Vikram Yash'),
(50, 22, 3, '2025-06-25 08:58:03', 'Anjali Sachin'),
(51, 22, 6, '2025-06-05 18:36:51', 'Arjun Suresh'),
(52, 23, 1, '2025-06-18 23:57:05', 'Dinesh Kavita'),
(53, 23, 3, '2025-06-07 01:56:50', 'Neha Deepak'),
(54, 24, 4, '2025-06-27 07:58:49', 'Rakesh Naveen'),
(55, 24, 3, '2025-06-13 11:19:43', 'Deepak Pooja'),
(56, 24, 6, '2025-06-05 14:47:06', 'Pankaj Dinesh'),
(57, 25, 3, '2025-06-20 04:47:26', 'Bhavna Manish'),
(58, 25, 6, '2025-06-05 20:06:10', 'Neha Deepak'),
(59, 26, 5, '2025-06-13 11:36:26', 'Sachin Sunil'),
(60, 26, 3, '2025-06-05 12:48:31', 'Ajay Rashmi'),
(61, 27, 6, '2025-07-02 06:21:14', 'Naveen Dinesh'),
(62, 27, 4, '2025-06-18 17:34:53', 'Neha Deepak'),
(63, 28, 2, '2025-06-28 09:34:21', 'Naveen Dinesh'),
(64, 28, 3, '2025-06-10 07:03:34', 'Rashmi Arjun'),
(65, 29, 1, '2025-06-24 09:42:31', 'Vikram Ravi'),
(66, 29, 3, '2025-07-01 10:15:07', 'Naveen Divya'),
(67, 30, 3, '2025-06-23 17:32:00', 'Meena Meena'),
(68, 30, 2, '2025-06-18 20:33:12', 'Karan Sachin'),
(69, 30, 6, '2025-06-14 07:57:40', 'Sneha Rahul'),
(70, 31, 1, '2025-06-09 00:04:48', 'Karan Sachin'),
(71, 31, 5, '2025-06-29 23:54:47', 'Swati Pallavi'),
(72, 32, 2, '2025-06-25 01:54:49', 'Rashmi Arjun'),
(73, 32, 5, '2025-06-15 02:24:53', 'Pallavi Rahul'),
(74, 32, 3, '2025-06-07 10:46:02', 'Neha Priya'),
(75, 33, 6, '2025-06-29 21:18:37', 'Sachin Sunil'),
(76, 33, 4, '2025-06-23 07:21:39', 'Amit Priya'),
(77, 33, 5, '2025-07-04 10:58:04', 'Arjun Suresh'),
(78, 34, 5, '2025-06-05 12:28:43', 'Divya Pallavi'),
(79, 34, 6, '2025-06-11 17:04:49', 'Deepak Pooja'),
(80, 34, 2, '2025-06-11 07:24:01', 'Vikram Yash'),
(81, 35, 3, '2025-06-25 10:38:22', 'Neha Deepak'),
(82, 35, 2, '2025-06-27 07:54:24', 'Amit Priya'),
(83, 36, 2, '2025-06-15 21:13:28', 'Sneha Rahul'),
(84, 36, 6, '2025-06-12 08:56:49', 'Pankaj Dinesh'),
(85, 36, 1, '2025-06-28 20:18:36', 'Anil Arjun'),
(86, 37, 2, '2025-06-14 16:19:32', 'Priya Divya'),
(87, 37, 4, '2025-06-30 13:01:04', 'Bhavna Manish'),
(88, 38, 6, '2025-06-10 15:08:29', 'Meena Meena'),
(89, 38, 4, '2025-06-23 07:52:24', 'Amit Priya'),
(90, 38, 1, '2025-06-09 23:45:18', 'Kavita Amit'),
(91, 39, 4, '2025-06-21 08:54:28', 'Pankaj Dinesh'),
(92, 39, 6, '2025-07-01 09:22:44', 'Arjun Suresh'),
(93, 40, 3, '2025-07-01 00:24:17', 'Sachin Sunil'),
(94, 40, 1, '2025-06-26 10:11:34', 'Neha Priya'),
(95, 40, 5, '2025-06-19 13:16:47', 'Vinod Anjali'),
(96, 41, 2, '2025-06-07 08:19:30', 'Rekha Ravi'),
(97, 41, 4, '2025-06-28 22:48:50', 'Sneha Rahul'),
(98, 41, 3, '2025-07-03 02:46:17', 'Arjun Vikram'),
(99, 42, 1, '2025-06-29 02:55:48', 'Pallavi Rahul'),
(100, 42, 3, '2025-06-17 12:35:47', 'Rekha Ravi'),
(101, 42, 6, '2025-07-02 14:46:35', 'Neha Priya'),
(102, 43, 2, '2025-06-17 01:25:16', 'Deepak Rekha'),
(103, 43, 3, '2025-06-17 19:00:50', 'Rashmi Arjun'),
(104, 43, 1, '2025-06-14 09:54:05', 'Naveen Dinesh'),
(105, 44, 2, '2025-06-19 13:41:43', 'Amit Sunil'),
(106, 44, 3, '2025-06-27 23:26:24', 'Sunil Nidhi'),
(107, 45, 3, '2025-06-05 16:16:41', 'Naveen Dinesh'),
(108, 45, 2, '2025-07-03 14:51:10', 'Pallavi Rahul'),
(109, 45, 1, '2025-06-08 10:51:13', 'Karan Meena'),
(110, 46, 1, '2025-07-05 04:01:38', 'Arjun Vikram'),
(111, 46, 3, '2025-06-06 23:09:22', 'Sunil Nidhi'),
(112, 47, 4, '2025-06-28 14:38:07', 'Rekha Ravi'),
(113, 47, 3, '2025-06-06 21:06:50', 'Anil Arjun'),
(114, 48, 1, '2025-06-16 18:55:51', 'Divya Pallavi'),
(115, 48, 3, '2025-07-03 11:36:20', 'Sneha Arjun'),
(116, 48, 5, '2025-06-24 14:16:41', 'Deepak Rekha'),
(117, 49, 1, '2025-06-21 18:35:44', 'Pallavi Rahul'),
(118, 49, 3, '2025-06-10 08:35:12', 'Naveen Dinesh'),
(119, 49, 4, '2025-06-15 02:42:39', 'Sneha Arjun'),
(120, 50, 2, '2025-06-07 02:44:31', 'Rekha Ravi'),
(121, 50, 6, '2025-06-24 06:13:15', 'Deepak Rekha'),
(122, 51, 1, '2025-06-15 21:50:02', 'Neha Priya'),
(123, 51, 3, '2025-06-26 06:26:50', 'Priya Divya'),
(124, 52, 5, '2025-06-08 11:37:52', 'Rekha Ravi'),
(125, 52, 3, '2025-06-30 08:21:39', 'Rashmi Manish'),
(126, 53, 6, '2025-06-18 03:32:47', 'Swati Pallavi'),
(127, 53, 3, '2025-06-27 11:48:47', 'Dinesh Divya'),
(128, 54, 2, '2025-06-29 08:37:21', 'Bhavna Manish'),
(129, 54, 6, '2025-06-13 04:50:48', 'Anil Arjun'),
(130, 55, 6, '2025-06-30 21:11:27', 'Karan Meena'),
(131, 55, 5, '2025-07-01 16:17:46', 'Rakesh Suresh'),
(132, 56, 3, '2025-07-04 17:35:29', 'Arjun Vikram'),
(133, 56, 6, '2025-06-19 15:57:49', 'Neha Priya'),
(134, 56, 1, '2025-06-16 21:04:31', 'Neha Deepak'),
(135, 57, 1, '2025-07-04 12:32:51', 'Pankaj Dinesh'),
(136, 57, 6, '2025-06-06 10:16:24', 'Anil Arjun'),
(137, 58, 6, '2025-06-12 06:26:29', 'Vikram Yash'),
(138, 58, 5, '2025-06-25 13:41:17', 'Karan Meena'),
(139, 59, 5, '2025-06-09 01:55:06', 'Karan Meena'),
(140, 59, 2, '2025-06-18 19:13:15', 'Divya Pallavi'),
(141, 59, 1, '2025-06-23 12:36:09', 'Karan Meena'),
(142, 60, 2, '2025-06-22 05:42:06', 'Naveen Dinesh'),
(143, 60, 5, '2025-06-21 23:18:26', 'Rashmi Manish'),
(144, 60, 6, '2025-06-27 05:44:13', 'Ritu Ritu'),
(145, 61, 3, '2025-07-03 11:33:56', 'Kavita Amit'),
(146, 61, 6, '2025-06-19 02:14:31', 'Deepak Rekha'),
(147, 62, 3, '2025-06-15 02:26:42', 'Neha Deepak'),
(148, 62, 2, '2025-06-06 04:08:09', 'Deepak Rekha'),
(149, 62, 6, '2025-06-16 21:11:04', 'Sachin Sunil'),
(150, 63, 6, '2025-06-19 00:18:47', 'Sachin Sunil'),
(151, 63, 5, '2025-06-30 15:18:33', 'Arjun Suresh'),
(152, 63, 4, '2025-06-13 10:35:26', 'Priya Divya'),
(153, 64, 6, '2025-06-17 10:56:31', 'Rekha Vikram'),
(154, 64, 1, '2025-06-24 19:07:42', 'Amit Sunil'),
(155, 64, 2, '2025-06-30 03:06:02', 'Swati Pallavi'),
(156, 65, 5, '2025-06-09 08:39:31', 'Meena Meena'),
(157, 65, 2, '2025-07-04 18:17:13', 'Rekha Vikram'),
(158, 66, 5, '2025-06-17 20:47:35', 'Dinesh Kavita'),
(159, 66, 3, '2025-06-07 05:22:04', 'Naveen Dinesh'),
(160, 67, 3, '2025-06-30 01:22:08', 'Pallavi Rahul'),
(161, 67, 6, '2025-06-17 04:15:49', 'Pankaj Dinesh'),
(162, 67, 4, '2025-06-06 02:51:40', 'Anil Arjun'),
(163, 68, 5, '2025-06-19 02:48:40', 'Swati Pallavi'),
(164, 68, 6, '2025-06-19 09:26:12', 'Rashmi Manish'),
(165, 68, 3, '2025-06-12 16:16:34', 'Deepak Rekha'),
(166, 69, 2, '2025-07-01 01:34:45', 'Sneha Rahul'),
(167, 69, 6, '2025-06-17 00:14:22', 'Kavita Amit'),
(168, 70, 1, '2025-06-21 09:28:43', 'Rakesh Suresh'),
(169, 70, 3, '2025-06-23 02:36:48', 'Naveen Dinesh'),
(170, 70, 2, '2025-06-25 03:21:12', 'Sunil Nidhi'),
(171, 71, 4, '2025-06-16 00:38:42', 'Arjun Neha'),
(172, 71, 2, '2025-06-08 18:35:55', 'Deepak Rekha'),
(173, 72, 2, '2025-06-12 09:33:06', 'Naveen Dinesh'),
(174, 72, 5, '2025-06-12 13:58:19', 'Meena Meena'),
(175, 72, 6, '2025-06-20 14:13:35', 'Vikram Ravi'),
(176, 73, 1, '2025-06-13 01:52:06', 'Rakesh Naveen'),
(177, 73, 6, '2025-07-04 16:50:00', 'Arjun Suresh'),
(178, 74, 6, '2025-06-25 00:43:06', 'Rashmi Arjun'),
(179, 74, 5, '2025-06-06 15:02:52', 'Meena Meena'),
(180, 74, 3, '2025-06-08 04:14:53', 'Naveen Dinesh'),
(181, 75, 6, '2025-06-11 12:18:31', 'Priya Divya'),
(182, 75, 3, '2025-06-15 21:10:56', 'Priya Divya'),
(183, 76, 2, '2025-06-12 03:13:21', 'Arjun Suresh'),
(184, 76, 5, '2025-06-09 18:01:41', 'Vikram Ravi'),
(185, 76, 4, '2025-06-07 17:54:00', 'Deepak Pooja'),
(186, 77, 4, '2025-06-11 05:39:00', 'Karan Sachin'),
(187, 77, 1, '2025-07-01 23:47:29', 'Karan Meena'),
(188, 78, 5, '2025-06-06 16:34:57', 'Deepak Rekha'),
(189, 78, 4, '2025-06-06 05:54:10', 'Pankaj Dinesh'),
(190, 79, 2, '2025-07-02 11:05:50', 'Sneha Rahul'),
(191, 79, 5, '2025-06-22 23:27:41', 'Kavita Amit'),
(192, 79, 6, '2025-06-20 20:39:50', 'Sneha Arjun'),
(193, 80, 6, '2025-07-04 08:50:32', 'Sneha Rahul'),
(194, 80, 1, '2025-06-12 14:31:40', 'Rashmi Manish'),
(195, 80, 3, '2025-06-29 21:06:24', 'Pallavi Rahul'),
(196, 81, 1, '2025-06-13 09:38:41', 'Rashmi Manish'),
(197, 81, 6, '2025-06-17 03:10:34', 'Neha Priya'),
(198, 82, 1, '2025-06-12 06:39:02', 'Anil Arjun'),
(199, 82, 4, '2025-06-17 06:51:14', 'Rekha Ravi'),
(200, 83, 3, '2025-06-26 23:24:26', 'Rashmi Manish'),
(201, 83, 6, '2025-06-08 21:29:30', 'Deepak Pooja'),
(202, 83, 4, '2025-06-13 20:57:13', 'Vinod Anjali'),
(203, 84, 5, '2025-06-23 22:17:45', 'Dinesh Divya'),
(204, 84, 2, '2025-07-04 22:22:39', 'Neha Priya'),
(205, 84, 3, '2025-06-06 13:26:51', 'Priya Divya'),
(206, 85, 6, '2025-06-24 14:54:10', 'Bhavna Manish'),
(207, 85, 3, '2025-06-25 22:10:47', 'Sneha Arjun'),
(208, 85, 1, '2025-06-18 01:40:28', 'Neha Priya'),
(209, 86, 2, '2025-07-05 03:08:42', 'Neha Deepak'),
(210, 86, 3, '2025-06-30 05:23:10', 'Amit Priya'),
(211, 87, 1, '2025-06-15 14:20:28', 'Rekha Ravi'),
(212, 87, 3, '2025-06-06 01:18:48', 'Sneha Arjun'),
(213, 88, 6, '2025-06-13 10:35:32', 'Priya Divya'),
(214, 88, 1, '2025-06-17 19:40:44', 'Meena Meena'),
(215, 89, 4, '2025-06-09 15:22:03', 'Rekha Vikram'),
(216, 89, 5, '2025-06-24 07:49:52', 'Rakesh Naveen'),
(217, 90, 1, '2025-06-29 20:41:54', 'Arjun Suresh'),
(218, 90, 2, '2025-06-25 20:52:28', 'Anil Arjun'),
(219, 90, 5, '2025-06-23 05:14:52', 'Amit Sunil'),
(220, 91, 6, '2025-06-27 09:05:19', 'Divya Pallavi'),
(221, 91, 2, '2025-07-05 01:56:31', 'Dinesh Kavita'),
(222, 91, 3, '2025-06-23 05:13:19', 'Meena Meena'),
(223, 92, 4, '2025-07-02 01:46:21', 'Dinesh Divya'),
(224, 92, 5, '2025-06-05 11:25:06', 'Neha Deepak'),
(225, 93, 2, '2025-06-23 21:59:35', 'Deepak Rekha'),
(226, 93, 5, '2025-06-05 15:08:12', 'Naveen Dinesh'),
(227, 93, 3, '2025-06-06 06:52:44', 'Divya Pallavi'),
(228, 94, 2, '2025-07-03 17:03:16', 'Priya Divya'),
(229, 94, 1, '2025-06-10 15:27:31', 'Arjun Suresh'),
(230, 95, 5, '2025-07-01 02:15:25', 'Sunil Nidhi'),
(231, 95, 3, '2025-07-04 09:12:38', 'Anjali Sachin'),
(232, 95, 4, '2025-06-14 07:49:27', 'Arjun Neha'),
(233, 96, 6, '2025-06-11 17:42:58', 'Naveen Dinesh'),
(234, 96, 2, '2025-06-21 12:51:13', 'Ritu Ritu'),
(235, 97, 3, '2025-06-28 02:23:31', 'Anjali Sachin'),
(236, 97, 1, '2025-06-14 14:56:39', 'Karan Sachin'),
(237, 97, 2, '2025-06-27 02:02:12', 'Rekha Vikram'),
(238, 98, 5, '2025-06-06 20:18:55', 'Neha Priya'),
(239, 98, 1, '2025-06-28 17:24:27', 'Sunil Nidhi'),
(240, 99, 2, '2025-06-16 08:29:13', 'Karan Sachin'),
(241, 99, 3, '2025-06-18 20:24:38', 'Amit Sunil'),
(242, 99, 1, '2025-06-17 23:22:11', 'Deepak Pooja'),
(243, 100, 3, '2025-07-01 22:14:08', 'Amit Sunil'),
(244, 100, 2, '2025-06-28 20:37:57', 'Ajay Rashmi'),
(245, 101, 2, '2025-06-17 11:40:18', 'Neha Priya'),
(246, 101, 3, '2025-06-30 00:03:54', 'Dinesh Divya'),
(247, 101, 5, '2025-07-04 14:50:18', 'Dinesh Kavita'),
(248, 102, 4, '2025-06-07 23:26:58', 'Anjali Sachin'),
(249, 102, 5, '2025-06-18 15:15:16', 'Pankaj Dinesh'),
(250, 103, 5, '2025-06-11 04:13:14', 'Amit Sunil'),
(251, 103, 3, '2025-07-04 02:58:35', 'Amit Sunil'),
(252, 103, 1, '2025-06-07 03:36:03', 'Dinesh Kavita'),
(253, 104, 1, '2025-07-01 20:18:28', 'Karan Sachin'),
(254, 104, 4, '2025-06-24 11:29:13', 'Rashmi Manish'),
(255, 105, 5, '2025-06-29 14:53:21', 'Rekha Ravi'),
(256, 105, 4, '2025-06-16 04:31:28', 'Meena Meena'),
(257, 106, 4, '2025-06-26 06:44:38', 'Sneha Arjun'),
(258, 106, 5, '2025-06-24 23:00:56', 'Arjun Suresh'),
(259, 106, 3, '2025-06-07 02:44:50', 'Divya Pallavi'),
(260, 107, 5, '2025-06-20 18:58:21', 'Arjun Vikram'),
(261, 107, 3, '2025-07-02 19:36:48', 'Ritu Ritu'),
(262, 107, 1, '2025-06-27 17:43:11', 'Anjali Sachin'),
(263, 108, 6, '2025-06-23 09:40:27', 'Ritu Ritu'),
(264, 108, 1, '2025-06-18 10:37:59', 'Anil Arjun'),
(265, 109, 4, '2025-06-26 15:46:11', 'Rashmi Arjun'),
(266, 109, 3, '2025-07-04 17:37:22', 'Pankaj Dinesh'),
(267, 109, 1, '2025-06-20 18:07:51', 'Anil Arjun'),
(268, 110, 6, '2025-06-25 09:24:08', 'Deepak Rekha'),
(269, 110, 1, '2025-07-03 03:16:45', 'Arjun Vikram'),
(270, 110, 5, '2025-06-13 16:04:45', 'Dinesh Divya'),
(271, 111, 5, '2025-06-17 03:32:22', 'Rakesh Suresh'),
(272, 111, 1, '2025-06-10 06:56:31', 'Rakesh Suresh'),
(273, 112, 4, '2025-06-24 03:22:44', 'Neha Deepak'),
(274, 112, 2, '2025-07-02 12:39:16', 'Karan Meena'),
(275, 112, 5, '2025-06-14 11:45:31', 'Arjun Vikram'),
(276, 113, 1, '2025-06-25 19:58:41', 'Arjun Suresh'),
(277, 113, 6, '2025-06-30 01:16:16', 'Ajay Rashmi'),
(278, 113, 5, '2025-06-25 08:13:53', 'Sunil Nidhi'),
(279, 114, 4, '2025-06-23 22:57:13', 'Vikram Yash'),
(280, 114, 2, '2025-06-29 16:11:43', 'Pankaj Dinesh'),
(281, 114, 1, '2025-07-01 19:41:55', 'Anil Arjun'),
(282, 115, 1, '2025-06-26 17:42:57', 'Deepak Rekha'),
(283, 115, 4, '2025-06-15 15:54:58', 'Swati Pallavi'),
(284, 115, 6, '2025-06-05 06:38:23', 'Arjun Suresh'),
(285, 116, 1, '2025-06-19 02:49:22', 'Amit Sunil'),
(286, 116, 4, '2025-07-02 18:24:38', 'Karan Sachin'),
(287, 117, 6, '2025-06-07 20:06:02', 'Vikram Ravi'),
(288, 117, 4, '2025-06-26 23:51:57', 'Arjun Vikram'),
(289, 118, 1, '2025-06-29 10:37:15', 'Dinesh Kavita'),
(290, 118, 2, '2025-06-23 00:49:32', 'Divya Pallavi'),
(291, 119, 5, '2025-06-26 01:52:23', 'Sachin Sunil'),
(292, 119, 2, '2025-06-10 05:50:41', 'Vikram Ravi'),
(293, 119, 4, '2025-06-14 11:48:46', 'Vikram Ravi'),
(294, 120, 4, '2025-06-09 17:20:42', 'Neha Priya'),
(295, 120, 6, '2025-06-17 05:10:56', 'Sneha Arjun'),
(296, 120, 2, '2025-07-01 20:41:30', 'Rakesh Naveen'),
(297, 121, 6, '2025-06-07 04:55:19', 'Amit Priya'),
(298, 121, 4, '2025-06-15 06:17:52', 'Rekha Ravi'),
(299, 121, 1, '2025-07-04 02:18:32', 'Rashmi Arjun'),
(300, 122, 2, '2025-06-29 23:27:42', 'Sneha Arjun'),
(301, 122, 4, '2025-06-09 23:12:53', 'Arjun Suresh'),
(302, 122, 6, '2025-06-08 17:58:02', 'Rakesh Suresh'),
(303, 123, 3, '2025-06-24 11:00:42', 'Amit Priya'),
(304, 123, 5, '2025-06-29 19:12:01', 'Deepak Rekha'),
(305, 124, 6, '2025-06-20 00:18:48', 'Amit Priya'),
(306, 124, 4, '2025-07-03 04:30:05', 'Ajay Rashmi'),
(307, 125, 3, '2025-06-23 06:49:31', 'Pallavi Rahul'),
(308, 125, 5, '2025-06-28 12:54:47', 'Rakesh Suresh'),
(309, 125, 6, '2025-07-02 14:42:50', 'Rakesh Suresh'),
(310, 126, 5, '2025-06-23 13:58:42', 'Sachin Sunil'),
(311, 126, 6, '2025-06-18 08:59:06', 'Amit Priya'),
(312, 127, 5, '2025-06-07 22:43:13', 'Vinod Anjali'),
(313, 127, 2, '2025-06-28 16:38:40', 'Sneha Arjun'),
(314, 128, 1, '2025-06-21 01:05:28', 'Dinesh Divya'),
(315, 128, 2, '2025-06-29 19:06:02', 'Pankaj Dinesh'),
(316, 129, 6, '2025-06-07 12:45:57', 'Arjun Vikram'),
(317, 129, 1, '2025-06-13 21:18:23', 'Vinod Anjali'),
(318, 129, 3, '2025-06-14 03:51:56', 'Amit Priya'),
(319, 130, 2, '2025-06-23 19:00:42', 'Meena Meena'),
(320, 130, 3, '2025-06-13 20:12:21', 'Arjun Suresh'),
(321, 131, 1, '2025-06-30 12:36:08', 'Arjun Vikram'),
(322, 131, 4, '2025-06-26 21:01:29', 'Sneha Arjun'),
(323, 132, 3, '2025-06-09 06:26:53', 'Deepak Pooja'),
(324, 132, 1, '2025-06-28 02:03:22', 'Meena Meena'),
(325, 133, 6, '2025-07-04 00:08:49', 'Anjali Sachin'),
(326, 133, 2, '2025-06-08 07:53:54', 'Naveen Dinesh'),
(327, 133, 1, '2025-06-14 10:02:07', 'Rashmi Arjun'),
(328, 134, 4, '2025-06-23 01:41:57', 'Pallavi Rahul'),
(329, 134, 6, '2025-06-12 15:45:40', 'Kavita Amit'),
(330, 134, 5, '2025-06-16 15:05:45', 'Sneha Arjun'),
(331, 135, 2, '2025-06-20 15:16:53', 'Neha Priya'),
(332, 135, 3, '2025-06-25 12:12:08', 'Karan Meena'),
(333, 135, 1, '2025-06-18 14:08:42', 'Priya Divya'),
(334, 136, 6, '2025-06-22 23:05:19', 'Arjun Vikram'),
(335, 136, 2, '2025-06-17 00:32:29', 'Pankaj Dinesh'),
(336, 136, 5, '2025-06-09 13:25:54', 'Rakesh Naveen'),
(337, 137, 6, '2025-06-09 02:37:41', 'Pankaj Dinesh'),
(338, 137, 1, '2025-06-11 08:56:31', 'Neha Deepak'),
(339, 137, 2, '2025-06-24 07:18:05', 'Priya Divya'),
(340, 138, 4, '2025-06-15 18:41:50', 'Arjun Vikram'),
(341, 138, 3, '2025-06-14 21:44:52', 'Arjun Vikram'),
(342, 139, 4, '2025-06-16 01:42:56', 'Rekha Vikram'),
(343, 139, 5, '2025-06-15 14:35:11', 'Naveen Dinesh'),
(344, 140, 1, '2025-06-29 18:12:47', 'Naveen Divya'),
(345, 140, 5, '2025-06-17 19:24:12', 'Sneha Rahul'),
(346, 141, 6, '2025-06-12 01:37:03', 'Neha Deepak'),
(347, 141, 1, '2025-06-07 09:45:31', 'Bhavna Manish'),
(348, 141, 5, '2025-06-28 09:55:36', 'Sneha Rahul'),
(349, 142, 4, '2025-06-07 23:28:55', 'Dinesh Divya'),
(350, 142, 2, '2025-06-29 00:50:55', 'Rashmi Manish'),
(351, 143, 6, '2025-07-03 19:41:00', 'Swati Pallavi'),
(352, 143, 2, '2025-06-10 20:22:36', 'Dinesh Kavita'),
(353, 143, 4, '2025-06-25 19:37:59', 'Rekha Vikram'),
(354, 144, 1, '2025-06-19 16:32:45', 'Divya Pallavi'),
(355, 144, 5, '2025-07-01 12:38:07', 'Sneha Arjun'),
(356, 145, 1, '2025-06-07 07:08:54', 'Arjun Suresh'),
(357, 145, 4, '2025-06-10 05:13:05', 'Bhavna Manish'),
(358, 145, 6, '2025-06-07 05:51:28', 'Naveen Divya'),
(359, 146, 6, '2025-06-14 08:35:49', 'Karan Meena'),
(360, 146, 1, '2025-06-09 01:23:11', 'Deepak Rekha'),
(361, 146, 5, '2025-06-08 22:24:51', 'Priya Divya'),
(362, 147, 4, '2025-06-07 22:17:09', 'Neha Priya'),
(363, 147, 1, '2025-06-10 11:51:44', 'Ajay Rashmi'),
(364, 148, 6, '2025-06-12 21:33:55', 'Rekha Vikram'),
(365, 148, 1, '2025-06-30 01:17:34', 'Pallavi Rahul'),
(366, 148, 2, '2025-06-24 03:17:41', 'Deepak Pooja'),
(367, 149, 2, '2025-07-04 05:43:47', 'Neha Priya'),
(368, 149, 5, '2025-06-26 16:13:03', 'Naveen Dinesh'),
(369, 149, 4, '2025-07-03 03:46:19', 'Ritu Ritu'),
(370, 150, 6, '2025-06-22 23:18:17', 'Deepak Rekha'),
(371, 150, 3, '2025-06-29 09:37:46', 'Sunil Nidhi'),
(372, 151, 1, '2025-06-10 14:47:42', 'Vikram Yash'),
(373, 151, 6, '2025-06-28 22:19:02', 'Sunil Nidhi'),
(374, 151, 3, '2025-06-23 10:48:29', 'Rashmi Arjun'),
(375, 152, 3, '2025-06-10 07:14:23', 'Arjun Suresh'),
(376, 152, 4, '2025-07-02 03:22:01', 'Meena Meena'),
(377, 152, 2, '2025-06-24 17:55:11', 'Karan Sachin'),
(378, 153, 5, '2025-06-08 20:28:39', 'Neha Priya'),
(379, 153, 4, '2025-06-26 10:30:40', 'Rekha Ravi'),
(380, 153, 2, '2025-06-19 01:06:59', 'Deepak Rekha'),
(381, 154, 5, '2025-06-10 14:11:28', 'Pallavi Rahul'),
(382, 154, 6, '2025-06-14 23:02:47', 'Naveen Divya'),
(383, 154, 3, '2025-06-15 02:44:58', 'Rekha Vikram'),
(384, 155, 2, '2025-06-21 10:08:54', 'Rashmi Manish'),
(385, 155, 1, '2025-07-04 23:07:24', 'Anil Arjun'),
(386, 155, 6, '2025-06-25 05:59:51', 'Rakesh Naveen'),
(387, 156, 2, '2025-06-09 10:51:02', 'Rashmi Arjun'),
(388, 156, 3, '2025-07-04 23:15:09', 'Vikram Ravi'),
(389, 156, 6, '2025-06-29 23:32:32', 'Anil Arjun'),
(390, 157, 3, '2025-06-21 23:44:42', 'Pallavi Rahul'),
(391, 157, 5, '2025-06-10 02:39:19', 'Vikram Yash'),
(392, 157, 2, '2025-06-25 21:21:21', 'Naveen Divya'),
(393, 158, 1, '2025-06-28 04:07:54', 'Sneha Rahul'),
(394, 158, 4, '2025-06-27 12:37:48', 'Neha Priya'),
(395, 158, 5, '2025-06-26 11:46:02', 'Ritu Ritu'),
(396, 159, 4, '2025-06-24 09:49:00', 'Meena Meena'),
(397, 159, 1, '2025-06-05 16:28:32', 'Arjun Suresh'),
(398, 159, 5, '2025-06-17 01:10:22', 'Deepak Rekha'),
(399, 160, 6, '2025-06-07 03:58:22', 'Arjun Neha'),
(400, 160, 4, '2025-06-06 09:51:30', 'Arjun Suresh'),
(401, 161, 2, '2025-06-21 20:52:47', 'Deepak Pooja'),
(402, 161, 3, '2025-06-13 04:10:24', 'Sunil Nidhi'),
(403, 161, 4, '2025-06-28 07:25:14', 'Rashmi Arjun'),
(404, 162, 3, '2025-07-03 16:52:09', 'Anjali Sachin'),
(405, 162, 2, '2025-06-26 01:34:40', 'Sachin Sunil'),
(406, 162, 1, '2025-06-27 13:40:11', 'Vinod Anjali'),
(407, 163, 2, '2025-06-21 20:50:59', 'Rakesh Suresh'),
(408, 163, 6, '2025-06-13 08:14:40', 'Anjali Sachin'),
(409, 164, 6, '2025-06-10 09:17:42', 'Naveen Divya'),
(410, 164, 1, '2025-06-07 14:19:47', 'Naveen Dinesh'),
(411, 165, 2, '2025-06-09 18:32:47', 'Sachin Sunil'),
(412, 165, 6, '2025-07-03 19:35:00', 'Rashmi Manish'),
(413, 166, 5, '2025-06-15 15:44:28', 'Bhavna Manish'),
(414, 166, 6, '2025-06-13 06:01:53', 'Anjali Sachin'),
(415, 166, 4, '2025-06-28 06:58:29', 'Kavita Amit'),
(416, 167, 6, '2025-06-25 20:39:30', 'Karan Meena'),
(417, 167, 3, '2025-06-11 11:01:16', 'Kavita Amit'),
(418, 167, 1, '2025-07-01 01:00:59', 'Meena Meena'),
(419, 168, 5, '2025-07-01 04:16:11', 'Karan Sachin'),
(420, 168, 3, '2025-06-17 21:52:43', 'Arjun Suresh'),
(421, 168, 6, '2025-06-16 08:48:47', 'Arjun Suresh'),
(422, 169, 6, '2025-06-18 23:48:12', 'Kavita Amit'),
(423, 169, 5, '2025-06-12 19:57:36', 'Anil Arjun'),
(424, 169, 4, '2025-06-08 10:53:24', 'Deepak Rekha'),
(425, 170, 1, '2025-06-09 11:59:22', 'Naveen Dinesh'),
(426, 170, 4, '2025-06-23 19:06:18', 'Karan Meena'),
(427, 170, 3, '2025-07-04 15:42:24', 'Divya Pallavi'),
(428, 171, 1, '2025-07-04 21:04:09', 'Arjun Suresh'),
(429, 171, 3, '2025-06-14 11:01:33', 'Rashmi Manish'),
(430, 171, 2, '2025-06-14 09:24:55', 'Amit Sunil'),
(431, 172, 4, '2025-06-15 15:48:11', 'Neha Deepak'),
(432, 172, 3, '2025-07-04 11:41:54', 'Neha Deepak'),
(433, 173, 4, '2025-06-13 15:26:19', 'Rakesh Suresh'),
(434, 173, 3, '2025-06-10 19:05:52', 'Arjun Suresh'),
(435, 173, 2, '2025-06-22 18:13:00', 'Pallavi Rahul'),
(436, 174, 1, '2025-07-02 10:03:20', 'Rekha Vikram'),
(437, 174, 5, '2025-07-05 00:39:45', 'Anil Arjun'),
(438, 174, 4, '2025-06-09 18:07:38', 'Vikram Yash'),
(439, 175, 5, '2025-06-08 18:08:51', 'Swati Pallavi'),
(440, 175, 2, '2025-07-04 05:12:55', 'Rashmi Manish'),
(441, 176, 2, '2025-06-19 17:04:37', 'Deepak Pooja'),
(442, 176, 1, '2025-06-09 00:24:08', 'Rekha Vikram'),
(443, 176, 4, '2025-06-28 21:23:08', 'Rakesh Suresh'),
(444, 177, 6, '2025-06-09 12:30:38', 'Sunil Nidhi'),
(445, 177, 3, '2025-06-23 06:00:02', 'Neha Priya'),
(446, 178, 5, '2025-06-30 11:32:41', 'Naveen Divya'),
(447, 178, 1, '2025-06-27 00:32:59', 'Naveen Divya'),
(448, 178, 2, '2025-06-22 19:38:09', 'Sneha Rahul'),
(449, 179, 3, '2025-06-27 01:57:58', 'Rakesh Suresh'),
(450, 179, 2, '2025-06-30 05:07:36', 'Rakesh Naveen'),
(451, 180, 4, '2025-07-03 02:45:48', 'Rekha Ravi'),
(452, 180, 1, '2025-06-21 15:30:37', 'Rashmi Manish'),
(453, 180, 3, '2025-06-07 02:44:22', 'Rashmi Manish'),
(454, 181, 3, '2025-06-30 01:58:27', 'Amit Priya'),
(455, 181, 2, '2025-06-06 07:09:21', 'Vikram Yash'),
(456, 182, 1, '2025-06-18 10:03:15', 'Neha Deepak'),
(457, 182, 2, '2025-06-22 21:27:04', 'Neha Deepak'),
(458, 182, 6, '2025-06-07 01:57:02', 'Karan Meena'),
(459, 183, 3, '2025-06-17 12:38:29', 'Rashmi Manish'),
(460, 183, 4, '2025-06-11 21:48:08', 'Kavita Amit'),
(461, 183, 1, '2025-06-08 11:14:54', 'Priya Divya'),
(462, 184, 3, '2025-06-22 02:15:59', 'Naveen Dinesh'),
(463, 184, 2, '2025-06-13 19:22:10', 'Deepak Rekha'),
(464, 184, 6, '2025-06-05 17:47:17', 'Naveen Dinesh'),
(465, 185, 2, '2025-07-04 08:56:49', 'Priya Divya'),
(466, 185, 3, '2025-06-05 10:24:53', 'Naveen Divya'),
(467, 186, 6, '2025-06-22 16:06:08', 'Rakesh Suresh'),
(468, 186, 1, '2025-06-23 02:30:35', 'Divya Pallavi'),
(469, 187, 2, '2025-06-28 14:03:24', 'Naveen Dinesh'),
(470, 187, 5, '2025-06-08 22:22:48', 'Sachin Sunil'),
(471, 188, 6, '2025-06-22 04:23:26', 'Sunil Nidhi'),
(472, 188, 3, '2025-07-01 18:09:45', 'Bhavna Manish'),
(473, 189, 6, '2025-06-11 20:32:30', 'Rashmi Arjun'),
(474, 189, 2, '2025-06-16 17:08:34', 'Rakesh Naveen'),
(475, 190, 4, '2025-06-27 12:11:36', 'Priya Divya'),
(476, 190, 1, '2025-06-07 21:18:15', 'Rakesh Naveen'),
(477, 191, 6, '2025-07-01 21:16:36', 'Karan Sachin'),
(478, 191, 2, '2025-06-29 15:23:43', 'Arjun Suresh'),
(479, 191, 5, '2025-07-02 05:57:59', 'Arjun Vikram'),
(480, 192, 3, '2025-06-15 23:22:05', 'Deepak Rekha'),
(481, 192, 2, '2025-06-16 10:14:17', 'Arjun Suresh'),
(482, 193, 5, '2025-06-17 23:25:43', 'Naveen Dinesh'),
(483, 193, 3, '2025-06-28 01:24:36', 'Pankaj Dinesh'),
(484, 194, 1, '2025-07-04 19:49:25', 'Rashmi Arjun'),
(485, 194, 3, '2025-06-13 01:36:06', 'Deepak Pooja'),
(486, 195, 3, '2025-07-02 03:48:42', 'Karan Meena'),
(487, 195, 1, '2025-06-20 03:44:17', 'Pallavi Rahul'),
(488, 195, 2, '2025-06-27 15:37:16', 'Arjun Suresh'),
(489, 196, 3, '2025-06-27 05:14:28', 'Rekha Vikram'),
(490, 196, 1, '2025-06-23 14:17:06', 'Neha Deepak'),
(491, 197, 4, '2025-06-07 00:47:22', 'Pallavi Rahul'),
(492, 197, 1, '2025-06-08 00:49:24', 'Deepak Rekha'),
(493, 198, 1, '2025-06-18 17:34:56', 'Arjun Suresh'),
(494, 198, 2, '2025-07-01 14:17:03', 'Ritu Ritu'),
(495, 199, 5, '2025-06-09 07:49:51', 'Neha Priya'),
(496, 199, 6, '2025-06-14 09:46:52', 'Dinesh Divya'),
(497, 199, 3, '2025-07-03 16:59:54', 'Rakesh Suresh'),
(498, 200, 6, '2025-06-05 14:05:28', 'Deepak Rekha'),
(499, 200, 4, '2025-06-17 00:32:01', 'Naveen Dinesh');
SET IDENTITY_INSERT ticket_logs OFF;

SET IDENTITY_INSERT feedback ON;
INSERT INTO feedback (feedback_id, ticket_id, rating, comment, submitted_at) VALUES
(1, 9, 4, 'Resolution was satisfactory.', '2025-06-26 05:19:18'),
(2, 193, 5, 'The agent was unresponsive.', '2025-06-24 06:11:20'),
(3, 101, 4, 'Issue was resolved but took longer than expected.', '2025-06-27 20:41:48'),
(4, 128, 3, 'Issue was resolved but took longer than expected.', '2025-06-16 01:05:09'),
(5, 51, 2, 'The agent was unresponsive.', '2025-06-20 04:52:04'),
(6, 8, 5, 'Resolution was satisfactory.', '2025-07-01 09:13:38'),
(7, 137, 5, 'The agent was unresponsive.', '2025-06-16 18:11:30'),
(8, 89, 3, 'Very happy with the service.', '2025-07-04 08:37:28'),
(9, 174, 4, 'Issue was resolved but took longer than expected.', '2025-06-28 08:18:49'),
(10, 102, 3, 'The agent was unresponsive.', '2025-06-14 10:36:26'),
(11, 71, 5, 'Did not get the expected outcome.', '2025-06-17 08:13:54'),
(12, 87, 5, 'Great support and quick resolution.', '2025-06-11 06:50:40'),
(13, 119, 3, 'Did not get the expected outcome.', '2025-07-05 05:43:11'),
(14, 118, 2, 'Issue was resolved but took longer than expected.', '2025-06-23 20:06:34'),
(15, 31, 3, 'Great support and quick resolution.', '2025-06-29 19:45:18'),
(16, 10, 3, 'The agent was unresponsive.', '2025-06-22 10:43:40'),
(17, 108, 1, 'Did not get the expected outcome.', '2025-06-10 13:45:32'),
(18, 14, 4, 'Support agent was helpful.', '2025-07-02 01:06:38'),
(19, 88, 1, 'The agent was unresponsive.', '2025-06-26 00:47:17'),
(20, 156, 2, 'Great support and quick resolution.', '2025-06-30 07:18:03'),
(21, 180, 5, 'Support agent was helpful.', '2025-06-27 08:29:34'),
(22, 110, 4, 'Resolution was satisfactory.', '2025-07-01 06:20:15'),
(23, 109, 2, 'Great support and quick resolution.', '2025-06-27 13:56:58'),
(24, 158, 1, 'Great support and quick resolution.', '2025-06-29 09:53:33'),
(25, 95, 5, 'The agent was unresponsive.', '2025-07-01 19:57:53'),
(26, 186, 2, 'Support agent was helpful.', '2025-06-15 14:53:16'),
(27, 17, 5, 'Great support and quick resolution.', '2025-06-10 08:37:09'),
(28, 148, 5, 'Great support and quick resolution.', '2025-06-19 13:25:15'),
(29, 23, 5, 'Very happy with the service.', '2025-06-18 08:42:17'),
(30, 194, 5, 'The agent was unresponsive.', '2025-06-17 12:03:46'),
(31, 121, 5, 'Issue was resolved but took longer than expected.', '2025-06-27 04:57:35'),
(32, 78, 5, 'Support agent was helpful.', '2025-06-29 16:02:55'),
(33, 198, 5, 'Resolution was satisfactory.', '2025-07-02 14:05:55'),
(34, 159, 4, 'Did not get the expected outcome.', '2025-07-02 12:38:18'),
(35, 185, 5, 'Resolution was satisfactory.', '2025-06-29 23:59:37'),
(36, 124, 4, 'The agent was unresponsive.', '2025-07-04 13:25:49'),
(37, 11, 4, 'Did not get the expected outcome.', '2025-07-01 13:25:49'),
(38, 36, 2, 'Issue was resolved but took longer than expected.', '2025-06-27 06:58:12'),
(39, 115, 3, 'Very happy with the service.', '2025-06-22 21:18:10'),
(40, 98, 1, 'The agent was unresponsive.', '2025-06-28 04:36:32'),
(41, 65, 3, 'Very happy with the service.', '2025-06-19 17:35:06'),
(42, 18, 1, 'Resolution was satisfactory.', '2025-06-22 23:32:12'),
(43, 68, 5, 'Great support and quick resolution.', '2025-06-25 03:24:52'),
(44, 146, 2, 'The agent was unresponsive.', '2025-06-11 09:36:21'),
(45, 49, 4, 'Did not get the expected outcome.', '2025-06-23 15:51:23'),
(46, 86, 4, 'Great support and quick resolution.', '2025-06-16 22:43:33'),
(47, 30, 4, 'Resolution was satisfactory.', '2025-06-14 23:54:55'),
(48, 103, 2, 'Did not get the expected outcome.', '2025-06-24 07:06:17'),
(49, 79, 4, 'Very happy with the service.', '2025-06-18 19:11:25'),
(50, 189, 4, 'Resolution was satisfactory.', '2025-06-24 08:40:10'),
(51, 190, 3, 'Great support and quick resolution.', '2025-06-12 17:15:24'),
(52, 66, 3, 'Support agent was helpful.', '2025-06-15 19:50:05'),
(53, 28, 4, 'Resolution was satisfactory.', '2025-06-20 09:53:47'),
(54, 135, 2, 'Great support and quick resolution.', '2025-06-14 22:19:10'),
(55, 61, 5, 'Resolution was satisfactory.', '2025-07-03 01:28:02'),
(56, 136, 4, 'Great support and quick resolution.', '2025-07-05 06:01:20'),
(57, 179, 2, 'Support agent was helpful.', '2025-06-11 17:57:53'),
(58, 41, 2, 'Very happy with the service.', '2025-06-18 07:21:47'),
(59, 5, 5, 'Resolution was satisfactory.', '2025-06-16 06:57:44'),
(60, 172, 3, 'Resolution was satisfactory.', '2025-06-24 21:13:19'),
(61, 173, 4, 'Issue was resolved but took longer than expected.', '2025-06-24 08:54:56'),
(62, 131, 5, 'Resolution was satisfactory.', '2025-06-25 14:47:21'),
(63, 152, 3, 'Did not get the expected outcome.', '2025-06-30 13:46:28'),
(64, 34, 5, 'Resolution was satisfactory.', '2025-06-10 14:23:55'),
(65, 160, 2, 'The agent was unresponsive.', '2025-07-03 22:45:24'),
(66, 40, 4, 'Issue was resolved but took longer than expected.', '2025-07-02 10:04:51'),
(67, 13, 4, 'Great support and quick resolution.', '2025-06-29 19:06:50'),
(68, 81, 3, 'Resolution was satisfactory.', '2025-06-16 03:51:21'),
(69, 126, 4, 'Resolution was satisfactory.', '2025-06-28 17:22:39'),
(70, 24, 4, 'Great support and quick resolution.', '2025-06-30 14:38:15'),
(71, 195, 5, 'Resolution was satisfactory.', '2025-06-18 07:20:01'),
(72, 46, 3, 'The agent was unresponsive.', '2025-07-01 12:53:44'),
(73, 52, 5, 'Great support and quick resolution.', '2025-06-16 11:23:03'),
(74, 155, 4, 'Great support and quick resolution.', '2025-07-02 20:43:59'),
(75, 67, 2, 'Great support and quick resolution.', '2025-06-18 08:14:02'),
(76, 111, 3, 'Great support and quick resolution.', '2025-06-21 14:53:01'),
(77, 166, 4, 'Issue was resolved but took longer than expected.', '2025-06-21 15:28:01'),
(78, 7, 4, 'Resolution was satisfactory.', '2025-06-29 10:26:37'),
(79, 38, 3, 'Resolution was satisfactory.', '2025-06-15 15:06:40'),
(80, 59, 4, 'Very happy with the service.', '2025-06-17 20:15:02'),
(81, 149, 5, 'The agent was unresponsive.', '2025-06-20 17:50:24'),
(82, 112, 5, 'Very happy with the service.', '2025-06-26 05:52:17'),
(83, 127, 5, 'Did not get the expected outcome.', '2025-06-12 23:08:18'),
(84, 75, 4, 'The agent was unresponsive.', '2025-06-21 20:26:39'),
(85, 37, 5, 'Issue was resolved but took longer than expected.', '2025-06-14 14:17:31'),
(86, 178, 3, 'Issue was resolved but took longer than expected.', '2025-06-10 13:18:45'),
(87, 147, 3, 'Great support and quick resolution.', '2025-06-30 09:09:48'),
(88, 143, 3, 'Great support and quick resolution.', '2025-06-22 04:02:39'),
(89, 122, 5, 'Did not get the expected outcome.', '2025-07-01 18:20:01'),
(90, 56, 4, 'Support agent was helpful.', '2025-06-13 06:25:19'),
(91, 199, 4, 'The agent was unresponsive.', '2025-06-19 00:00:32'),
(92, 93, 5, 'Very happy with the service.', '2025-06-20 20:25:50'),
(93, 133, 3, 'Very happy with the service.', '2025-06-24 16:21:54'),
(94, 162, 4, 'Did not get the expected outcome.', '2025-06-10 07:31:39'),
(95, 53, 1, 'Great support and quick resolution.', '2025-06-10 08:04:52'),
(96, 72, 4, 'Resolution was satisfactory.', '2025-06-11 11:14:34'),
(97, 169, 2, 'Support agent was helpful.', '2025-06-24 14:45:16'),
(98, 22, 3, 'The agent was unresponsive.', '2025-07-01 05:11:55'),
(99, 27, 5, 'Issue was resolved but took longer than expected.', '2025-06-13 03:32:57'),
(100, 64, 3, 'Issue was resolved but took longer than expected.', '2025-06-23 04:01:33'),
(101, 42, 3, 'Resolution was satisfactory.', '2025-06-13 19:01:41'),
(102, 114, 4, 'The agent was unresponsive.', '2025-06-21 10:30:24'),
(103, 2, 5, 'Issue was resolved but took longer than expected.', '2025-06-10 20:43:49'),
(104, 85, 2, 'Very happy with the service.', '2025-06-21 09:55:57'),
(105, 15, 4, 'Very happy with the service.', '2025-06-19 18:56:52'),
(106, 144, 1, 'The agent was unresponsive.', '2025-06-24 09:36:54'),
(107, 32, 3, 'Very happy with the service.', '2025-06-23 18:22:11'),
(108, 54, 3, 'Very happy with the service.', '2025-06-15 22:57:20'),
(109, 200, 2, 'Very happy with the service.', '2025-07-04 02:44:08'),
(110, 80, 3, 'Resolution was satisfactory.', '2025-06-28 21:32:48'),
(111, 106, 4, 'Issue was resolved but took longer than expected.', '2025-06-30 15:14:41'),
(112, 176, 5, 'Very happy with the service.', '2025-06-17 07:50:21'),
(113, 142, 3, 'Resolution was satisfactory.', '2025-06-22 17:24:46'),
(114, 141, 2, 'Support agent was helpful.', '2025-06-19 08:31:30'),
(115, 163, 4, 'Did not get the expected outcome.', '2025-07-03 05:02:51'),
(116, 39, 5, 'Issue was resolved but took longer than expected.', '2025-06-18 00:49:03'),
(117, 167, 3, 'Resolution was satisfactory.', '2025-06-23 03:43:27'),
(118, 151, 5, 'Very happy with the service.', '2025-06-27 20:07:46'),
(119, 82, 2, 'Did not get the expected outcome.', '2025-06-26 05:20:42'),
(120, 105, 4, 'Support agent was helpful.', '2025-07-05 06:07:54'),
(121, 116, 5, 'Resolution was satisfactory.', '2025-07-03 19:14:15'),
(122, 125, 4, 'Did not get the expected outcome.', '2025-06-25 05:53:50'),
(123, 63, 3, 'Resolution was satisfactory.', '2025-06-30 09:34:14'),
(124, 84, 5, 'Great support and quick resolution.', '2025-06-17 19:05:00'),
(125, 35, 5, 'Issue was resolved but took longer than expected.', '2025-06-14 10:02:35'),
(126, 181, 4, 'Great support and quick resolution.', '2025-06-17 07:50:05'),
(127, 99, 4, 'Resolution was satisfactory.', '2025-06-17 13:19:20'),
(128, 44, 3, 'Very happy with the service.', '2025-06-23 09:25:36'),
(129, 74, 4, 'Resolution was satisfactory.', '2025-06-15 20:56:46'),
(130, 132, 5, 'Did not get the expected outcome.', '2025-07-02 03:04:19'),
(131, 192, 4, 'The agent was unresponsive.', '2025-06-18 05:25:29'),
(132, 20, 4, 'Resolution was satisfactory.', '2025-06-12 23:48:48'),
(133, 70, 5, 'Did not get the expected outcome.', '2025-06-14 02:47:21'),
(134, 157, 4, 'Resolution was satisfactory.', '2025-06-22 13:17:26'),
(135, 182, 2, 'Issue was resolved but took longer than expected.', '2025-06-24 05:00:03'),
(136, 120, 3, 'Support agent was helpful.', '2025-06-30 06:41:07'),
(137, 21, 5, 'Support agent was helpful.', '2025-06-10 20:19:57'),
(138, 130, 1, 'Great support and quick resolution.', '2025-06-24 16:18:11'),
(139, 50, 3, 'Did not get the expected outcome.', '2025-06-22 03:03:34'),
(140, 97, 4, 'Very happy with the service.', '2025-06-11 02:44:56'),
(141, 184, 2, 'Very happy with the service.', '2025-06-24 07:08:21'),
(142, 43, 4, 'Very happy with the service.', '2025-06-14 08:34:10'),
(143, 94, 3, 'Did not get the expected outcome.', '2025-06-30 06:40:49'),
(144, 165, 5, 'Very happy with the service.', '2025-06-28 20:57:54'),
(145, 19, 4, 'The agent was unresponsive.', '2025-06-24 21:53:17'),
(146, 107, 3, 'Great support and quick resolution.', '2025-06-27 11:51:34'),
(147, 129, 5, 'Resolution was satisfactory.', '2025-07-05 04:07:04'),
(148, 92, 1, 'The agent was unresponsive.', '2025-06-18 19:35:45'),
(149, 196, 3, 'Great support and quick resolution.', '2025-06-15 07:56:57'),
(150, 60, 5, 'Did not get the expected outcome.', '2025-06-27 22:57:11'),
(151, 164, 4, 'Did not get the expected outcome.', '2025-06-19 20:31:44'),
(152, 168, 4, 'Resolution was satisfactory.', '2025-06-11 05:24:16'),
(153, 117, 4, 'Resolution was satisfactory.', '2025-06-15 16:59:00'),
(154, 187, 4, 'Very happy with the service.', '2025-06-16 04:22:46'),
(155, 104, 3, 'Support agent was helpful.', '2025-06-11 02:23:37'),
(156, 153, 4, 'Support agent was helpful.', '2025-07-04 16:23:16'),
(157, 170, 5, 'Did not get the expected outcome.', '2025-07-01 22:34:10'),
(158, 90, 3, 'Support agent was helpful.', '2025-06-11 06:33:25'),
(159, 123, 4, 'Resolution was satisfactory.', '2025-06-27 21:22:35'),
(160, 134, 2, 'Very happy with the service.', '2025-06-27 06:49:26');
SET IDENTITY_INSERT feedback OFF;

