USE retail_chain_db;

INSERT INTO users (user_id, name, email, phone, role) VALUES
(1, 'Sahil Sen', 'sahilsen@yahoo.com', '9910229014', 'customer'),
(2, 'Zeeshan Deshpande', 'zeeshandeshpande@gmail.com', '8156149784', 'customer'),
(3, 'Aarush Chaudry', 'aarushchaudry@hotmail.com', '3244510762', 'customer'),
(4, 'Damini Mammen', 'daminimammen@hotmail.com', '1606071596', 'customer'),
(5, 'Farhan Jain', 'farhanjain@yahoo.com', '5297516136', 'customer'),
(6, 'Vivaan Virk', 'vivaanvirk@yahoo.com', '5352181883', 'customer'),
(7, 'Ehsaan Bora', 'ehsaanbora@hotmail.com', '3292127799', 'customer'),
(8, 'Mishti Dugar', 'mishtidugar@yahoo.com', '7177449058', 'staff'),
(9, 'Armaan Balakrishnan', 'armaanbalakrishnan@hotmail.com', '4119986798', 'customer'),
(10, 'Samarth Ramakrishnan', 'samarthramakrishnan@yahoo.com', '8207151820', 'customer'),
(11, 'Tejas Grewal', 'tejasgrewal@hotmail.com', '6659051518', 'customer'),
(12, 'Shamik Baria', 'shamikbaria@yahoo.com', '5462914865', 'customer'),
(13, 'Diya Golla', 'diyagolla@hotmail.com', '5423573322', 'customer'),
(14, 'Nitara Ganguly', 'nitaraganguly@yahoo.com', '9622292706', 'customer'),
(15, 'Suhana Shere', 'suhanashere@gmail.com', '3834735977', 'customer'),
(16, 'Ishaan Taneja', 'ishaantaneja@hotmail.com', '9240758181', 'customer'),
(17, 'Alisha Zachariah', 'alishazachariah@hotmail.com', '6137506068', 'customer'),
(18, 'Umang Choudhury', 'umangchoudhury@gmail.com', '5152204727', 'customer'),
(19, 'Advik Dave', 'advikdave@hotmail.com', '2898614341', 'customer'),
(20, 'Chirag Bhakta', 'chiragbhakta@gmail.com', '9808932460', 'customer'),
(21, 'Kabir Salvi', 'kabirsalvi@gmail.com', '8518888806', 'customer'),
(22, 'Ojas Shenoy', 'ojasshenoy@gmail.com', '5153195205', 'manager'),
(23, 'Rasha Khatri', 'rashakhatri@hotmail.com', '2170430305', 'staff'),
(24, 'Ojas Badami', 'ojasbadami@gmail.com', '4505415667', 'staff'),
(25, 'Rania Kothari', 'raniakothari@yahoo.com', '8416169284', 'customer'),
(26, 'Nitara Divan', 'nitaradivan@gmail.com', '7962757059', 'customer'),
(27, 'Oorja Ray', 'oorjaray@hotmail.com', '5820297021', 'customer'),
(28, 'Jiya Babu', 'jiyababu@gmail.com', '7557192856', 'customer'),
(29, 'Anay Shah', 'anayshah@yahoo.com', '7868144739', 'customer'),
(30, 'Himmat Varkey', 'himmatvarkey@yahoo.com', '7271551884', 'customer'),
(31, 'Diya Choudhury', 'diyachoudhury@gmail.com', '3237058957', 'customer'),
(32, 'Chirag Dubey', 'chiragdubey@yahoo.com', '7866912517', 'customer'),
(33, 'Vanya Majumdar', 'vanyamajumdar@yahoo.com', '2680182422', 'customer'),
(34, 'Dhanush Dass', 'dhanushdass@hotmail.com', '8424981829', 'customer'),
(35, 'Jivika Bail', 'jivikabail@hotmail.com', '1094396907', 'customer'),
(36, 'Nirvaan Swaminathan', 'nirvaanswaminathan@yahoo.com', '4710276773', 'customer'),
(37, 'Saanvi Dutta', 'saanvidutta@hotmail.com', '6258815371', 'staff'),
(38, 'Divit Bakshi', 'divitbakshi@gmail.com', '6963259532', 'customer'),
(39, 'Ryan Kothari', 'ryankothari@yahoo.com', '1687339500', 'customer'),
(40, 'Reyansh Loyal', 'reyanshloyal@yahoo.com', '1624565060', 'manager'),
(41, 'Ishita Dhawan', 'ishitadhawan@hotmail.com', '6878499121', 'manager'),
(42, 'Tanya Bora', 'tanyabora@gmail.com', '9868000257', 'staff'),
(43, 'Shaan Ramesh', 'shaanramesh@hotmail.com', '2694958887', 'customer'),
(44, 'Tushar Gandhi', 'tushargandhi@yahoo.com', '6940974993', 'customer'),
(45, 'Eshani Rau', 'eshanirau@hotmail.com', '2309130756', 'staff'),
(46, 'Damini Soman', 'daminisoman@yahoo.com', '0283857865', 'customer'),
(47, 'Inaaya  Goel', 'inaayagoel@gmail.com', '9733484344', 'customer'),
(48, 'Stuvan Mammen', 'stuvanmammen@hotmail.com', '4198665240', 'customer'),
(49, 'Neysa Dave', 'neysadave@hotmail.com', '3384842199', 'customer'),
(50, 'Navya Dada', 'navyadada@hotmail.com', '1657120826', 'customer'),
(51, 'Samarth Dhar', 'samarthdhar@gmail.com', '1938026206', 'customer'),
(52, 'Aayush Dixit', 'aayushdixit@hotmail.com', '5478872874', 'customer'),
(53, 'Sana Karnik', 'sanakarnik@gmail.com', '2054932966', 'customer'),
(54, 'Oorja Batta', 'oorjabatta@gmail.com', '2753046374', 'customer'),
(55, 'Pranay Sachdeva', 'pranaysachdeva@gmail.com', '3017426841', 'customer'),
(56, 'Madhup Bhavsar', 'madhupbhavsar@gmail.com', '2795687833', 'customer'),
(57, 'Eva Sarraf', 'evasarraf@hotmail.com', '1910883982', 'customer'),
(58, 'Farhan Sangha', 'farhansangha@gmail.com', '9718707286', 'customer'),
(59, 'Pari Swamy', 'pariswamy@yahoo.com', '0640391065', 'customer'),
(60, 'Anaya Babu', 'anayababu@gmail.com', '6226567661', 'customer'),
(61, 'Jayesh Luthra', 'jayeshluthra@gmail.com', '8230047868', 'staff'),
(62, 'Shray Brahmbhatt', 'shraybrahmbhatt@hotmail.com', '3106903311', 'staff'),
(63, 'Nirvaan Shanker', 'nirvaanshanker@gmail.com', '6738302843', 'manager'),
(64, 'Miraan Dora', 'miraandora@hotmail.com', '8364408926', 'customer'),
(65, 'Nayantara Sampath', 'nayantarasampath@gmail.com', '8566246287', 'customer'),
(66, 'Zara Kata', 'zarakata@hotmail.com', '8668826343', 'customer'),
(67, 'Divij Loyal', 'divijloyal@hotmail.com', '0469901398', 'customer'),
(68, 'Romil Amble', 'romilamble@hotmail.com', '3173936385', 'customer'),
(69, 'Ryan De', 'ryande@gmail.com', '8771753556', 'staff'),
(70, 'Advik De', 'advikde@hotmail.com', '4235369378', 'customer'),
(71, 'Amira Chad', 'amirachad@yahoo.com', '2287280801', 'customer'),
(72, 'Mohanlal D’Alia', 'mohanlald’alia@gmail.com', '2038750997', 'customer'),
(73, 'Abram Anand', 'abramanand@yahoo.com', '8408621182', 'customer'),
(74, 'Sumer Deol', 'sumerdeol@hotmail.com', '1567933410', 'staff'),
(75, 'Ishita Khanna', 'ishitakhanna@yahoo.com', '0217659180', 'customer'),
(76, 'Purab Bajaj', 'purabbajaj@gmail.com', '4890250392', 'customer'),
(77, 'Jivika Dara', 'jivikadara@gmail.com', '8562185016', 'customer'),
(78, 'Urvi Gade', 'urvigade@yahoo.com', '4773586629', 'manager'),
(79, 'Yasmin Dasgupta', 'yasmindasgupta@yahoo.com', '1426265511', 'manager'),
(80, 'Tara Deshmukh', 'taradeshmukh@yahoo.com', '2126788861', 'customer'),
(81, 'Kimaya Ram', 'kimayaram@gmail.com', '6046618398', 'customer'),
(82, 'Priyansh Dora', 'priyanshdora@gmail.com', '7212646471', 'customer'),
(83, 'Kimaya Randhawa', 'kimayarandhawa@gmail.com', '7124065965', 'customer'),
(84, 'Rohan Dyal', 'rohandyal@gmail.com', '7526547935', 'customer'),
(85, 'Farhan Manda', 'farhanmanda@yahoo.com', '9828073741', 'customer'),
(86, 'Nakul Date', 'nakuldate@hotmail.com', '6617979688', 'customer'),
(87, 'Rati Wason', 'ratiwason@yahoo.com', '1352909656', 'customer'),
(88, 'Madhup Kumer', 'madhupkumer@gmail.com', '7567982507', 'customer'),
(89, 'Farhan Thakur', 'farhanthakur@gmail.com', '5457387571', 'customer'),
(90, 'Rohan Bains', 'rohanbains@yahoo.com', '0512382825', 'customer'),
(91, 'Yasmin Jain', 'yasminjain@gmail.com', '2660937966', 'staff'),
(92, 'Suhana Sarraf', 'suhanasarraf@gmail.com', '9182553714', 'customer'),
(93, 'Manjari Hayre', 'manjarihayre@gmail.com', '5579249912', 'staff'),
(94, 'Farhan Chand', 'farhanchand@hotmail.com', '2866929662', 'customer'),
(95, 'Ayesha Dhawan', 'ayeshadhawan@gmail.com', '2579050723', 'customer'),
(96, 'Yuvraj  Sani', 'yuvrajsani@yahoo.com', '6772190340', 'customer'),
(97, 'Jayan Sridhar', 'jayansridhar@hotmail.com', '9788191485', 'customer'),
(98, 'Aarna Behl', 'aarnabehl@yahoo.com', '4074517133', 'customer'),
(99, 'Ivan Randhawa', 'ivanrandhawa@yahoo.com', '3309584982', 'staff'),
(100, 'Drishya Yogi', 'drishyayogi@gmail.com', '2604223253', 'customer');

INSERT INTO stores (store_id, name, address, city, state, postal_code, country) VALUES
(1, 'Raval, Desai and Ratti Store', '11, Kurian Marg, Arrah-759017', 'Rajkot', 'Uttar Pradesh', '363745', 'India'),
(2, 'Ganguly-Mahal Store', 'H.No. 00, Rattan Zila, Pune-277063', 'Barasat', 'Goa', '154152', 'India'),
(3, 'Hora Ltd Store', '11, Chhabra Nagar, Solapur 938700', 'Jamshedpur', 'West Bengal', '271361', 'India'),
(4, 'Swaminathan, Behl and Behl Store', 'H.No. 26, Rege Street, Coimbatore 927532', 'Tadepalligudem', 'Sikkim', '311219', 'India'),
(5, 'Handa, Gill and Kala Store', '413, Rama Circle, Indore 389836', 'Meerut', 'Uttar Pradesh', '761379', 'India'),
(6, 'Lalla Inc Store', '696, Mahajan Path, Chittoor 091043', 'Allahabad', 'Uttar Pradesh', '848666', 'India'),
(7, 'Reddy PLC Store', 'H.No. 418, Swamy Ganj, Jorhat-691463', 'Sambalpur', 'Assam', '179904', 'India'),
(8, 'Shanker, Saha and Shanker Store', 'H.No. 202, Ghose Chowk, Rourkela-241056', 'Loni', 'Assam', '917785', 'India'),
(9, 'Krish PLC Store', '419, Comar Zila, Varanasi-307562', 'Vadodara', 'Nagaland', '353654', 'India'),
(10, 'Mangal LLC Store', '380, Banerjee Marg, Ichalkaranji 518705', 'Jalna', 'Odisha', '937597', 'India');

INSERT INTO products (product_id, name, description, category, price) VALUES
(1, 'Apple iPhone 14', 'Latest Apple smartphone with advanced features.', 'Audio', 119338.19),
(2, 'Canon EOS 1500D', 'Entry-level DSLR camera.', 'Electronics', 71554.62),
(3, 'HP Pavilion Gaming', 'Gaming laptop with NVIDIA GPU.', 'Mobiles', 85706.71),
(4, 'Mi Smart Band 6', 'Fitness band with AMOLED display.', 'Electronics', 79585.66),
(5, 'Samsung Galaxy S23', 'Flagship Samsung smartphone with AMOLED display.', 'Mobiles', 67526.35),
(6, 'HP Pavilion Gaming', 'Gaming laptop with NVIDIA GPU.', 'Electronics', 105385.93),
(7, 'Apple MacBook Air M2', 'Thin and light Apple laptop with M2 chip.', 'Computers', 23312.36),
(8, 'Apple iPhone 14', 'Latest Apple smartphone with advanced features.', 'Audio', 83100.66),
(9, 'Apple MacBook Air M2', 'Thin and light Apple laptop with M2 chip.', 'Audio', 112212.9),
(10, 'HP Pavilion Gaming', 'Gaming laptop with NVIDIA GPU.', 'Audio', 11980.52),
(11, 'Canon EOS 1500D', 'Entry-level DSLR camera.', 'Computers', 18782.95),
(12, 'Sony WH-1000XM5', 'Noise-canceling over-ear headphones.', 'Electronics', 90387.77),
(13, 'Bose SoundLink', 'Portable Bluetooth speaker.', 'Computers', 61920.22),
(14, 'Samsung Galaxy S23', 'Flagship Samsung smartphone with AMOLED display.', 'Cameras', 80960.84),
(15, 'Canon EOS 1500D', 'Entry-level DSLR camera.', 'Cameras', 120671.8),
(16, 'Canon EOS 1500D', 'Entry-level DSLR camera.', 'Electronics', 6074.77),
(17, 'Apple iPhone 14', 'Latest Apple smartphone with advanced features.', 'Mobiles', 98790.65),
(18, 'Apple iPhone 14', 'Latest Apple smartphone with advanced features.', 'Audio', 16096.11),
(19, 'OnePlus Nord 2T', 'Mid-range OnePlus phone with good performance.', 'Audio', 117601.09),
(20, 'OnePlus Nord 2T', 'Mid-range OnePlus phone with good performance.', 'Computers', 93019.86),
(21, 'Sony WH-1000XM5', 'Noise-canceling over-ear headphones.', 'Electronics', 6054.39),
(22, 'Dell XPS 13', 'High-end Dell laptop with 13-inch screen.', 'Audio', 82248.19),
(23, 'Canon EOS 1500D', 'Entry-level DSLR camera.', 'Cameras', 7156.51),
(24, 'Dell XPS 13', 'High-end Dell laptop with 13-inch screen.', 'Electronics', 22772.75),
(25, 'Apple iPhone 14', 'Latest Apple smartphone with advanced features.', 'Mobiles', 102861.29),
(26, 'Samsung Galaxy S23', 'Flagship Samsung smartphone with AMOLED display.', 'Audio', 76986.4),
(27, 'Bose SoundLink', 'Portable Bluetooth speaker.', 'Electronics', 102498.32),
(28, 'Samsung Galaxy S23', 'Flagship Samsung smartphone with AMOLED display.', 'Electronics', 62897.22),
(29, 'Bose SoundLink', 'Portable Bluetooth speaker.', 'Computers', 9294.1),
(30, 'Sony WH-1000XM5', 'Noise-canceling over-ear headphones.', 'Audio', 43161.87),
(31, 'Mi Smart Band 6', 'Fitness band with AMOLED display.', 'Mobiles', 16419.1),
(32, 'Bose SoundLink', 'Portable Bluetooth speaker.', 'Cameras', 18460.18),
(33, 'Sony WH-1000XM5', 'Noise-canceling over-ear headphones.', 'Electronics', 74746.03),
(34, 'HP Pavilion Gaming', 'Gaming laptop with NVIDIA GPU.', 'Electronics', 16412.07),
(35, 'Dell XPS 13', 'High-end Dell laptop with 13-inch screen.', 'Audio', 22254.28),
(36, 'HP Pavilion Gaming', 'Gaming laptop with NVIDIA GPU.', 'Cameras', 21878.26),
(37, 'Sony WH-1000XM5', 'Noise-canceling over-ear headphones.', 'Cameras', 6526.31),
(38, 'Samsung Galaxy S23', 'Flagship Samsung smartphone with AMOLED display.', 'Cameras', 47952.19),
(39, 'Dell XPS 13', 'High-end Dell laptop with 13-inch screen.', 'Electronics', 110133.93),
(40, 'Samsung Galaxy S23', 'Flagship Samsung smartphone with AMOLED display.', 'Electronics', 2392.16),
(41, 'Samsung Galaxy S23', 'Flagship Samsung smartphone with AMOLED display.', 'Cameras', 111034.02),
(42, 'Mi Smart Band 6', 'Fitness band with AMOLED display.', 'Audio', 87006.25),
(43, 'Sony WH-1000XM5', 'Noise-canceling over-ear headphones.', 'Computers', 80518.47),
(44, 'OnePlus Nord 2T', 'Mid-range OnePlus phone with good performance.', 'Audio', 52385.87),
(45, 'Dell XPS 13', 'High-end Dell laptop with 13-inch screen.', 'Cameras', 86921.69),
(46, 'Bose SoundLink', 'Portable Bluetooth speaker.', 'Computers', 90074.05),
(47, 'Bose SoundLink', 'Portable Bluetooth speaker.', 'Electronics', 78958.17),
(48, 'Apple MacBook Air M2', 'Thin and light Apple laptop with M2 chip.', 'Mobiles', 53220.05),
(49, 'OnePlus Nord 2T', 'Mid-range OnePlus phone with good performance.', 'Computers', 25200.0),
(50, 'OnePlus Nord 2T', 'Mid-range OnePlus phone with good performance.', 'Electronics', 77936.74);

INSERT INTO inventory (inventory_id, product_id, store_id, quantity, stock_status) VALUES
(1, 49, 9, 259, 'ok'),
(2, 15, 8, 394, 'ok'),
(3, 41, 4, 141, 'ok'),
(4, 4, 4, 57, 'ok'),
(5, 10, 8, 254, 'ok'),
(6, 12, 3, 343, 'ok'),
(7, 3, 1, 330, 'ok'),
(8, 24, 5, 107, 'ok'),
(9, 28, 5, 171, 'ok'),
(10, 40, 8, 22, 'ok'),
(11, 7, 1, 473, 'ok'),
(12, 35, 3, 80, 'ok'),
(13, 2, 8, 263, 'ok'),
(14, 8, 2, 458, 'ok'),
(15, 16, 8, 303, 'ok'),
(16, 38, 6, 214, 'ok'),
(17, 13, 6, 117, 'ok'),
(18, 50, 2, 166, 'ok'),
(19, 15, 2, 121, 'ok'),
(20, 48, 7, 445, 'ok'),
(21, 13, 7, 456, 'ok'),
(22, 15, 2, 241, 'ok'),
(23, 38, 8, 27, 'ok'),
(24, 28, 3, 110, 'ok'),
(25, 40, 8, 91, 'ok'),
(26, 25, 6, 69, 'ok'),
(27, 30, 4, 323, 'ok'),
(28, 23, 5, 103, 'ok'),
(29, 22, 3, 16, 'low'),
(30, 45, 10, 30, 'ok'),
(31, 18, 3, 56, 'ok'),
(32, 30, 8, 214, 'ok'),
(33, 11, 6, 112, 'ok'),
(34, 19, 10, 80, 'ok'),
(35, 41, 10, 463, 'ok'),
(36, 11, 10, 496, 'ok'),
(37, 36, 4, 44, 'ok'),
(38, 27, 9, 250, 'ok'),
(39, 14, 10, 242, 'ok'),
(40, 30, 5, 7, 'low'),
(41, 47, 7, 376, 'ok'),
(42, 16, 4, 167, 'ok'),
(43, 28, 10, 113, 'ok'),
(44, 38, 3, 467, 'ok'),
(45, 37, 1, 213, 'ok'),
(46, 3, 1, 240, 'ok'),
(47, 47, 9, 17, 'low'),
(48, 28, 9, 201, 'ok'),
(49, 31, 2, 231, 'ok'),
(50, 32, 4, 42, 'ok'),
(51, 36, 1, 354, 'ok'),
(52, 47, 7, 486, 'ok'),
(53, 14, 3, 183, 'ok'),
(54, 19, 4, 331, 'ok'),
(55, 6, 1, 245, 'ok'),
(56, 43, 5, 82, 'ok'),
(57, 46, 8, 439, 'ok'),
(58, 37, 10, 12, 'low'),
(59, 30, 8, 395, 'ok'),
(60, 9, 7, 94, 'ok'),
(61, 24, 8, 360, 'ok'),
(62, 41, 1, 440, 'ok'),
(63, 41, 2, 197, 'ok'),
(64, 45, 6, 271, 'ok'),
(65, 3, 5, 218, 'ok'),
(66, 49, 5, 357, 'ok'),
(67, 40, 9, 294, 'ok'),
(68, 14, 2, 317, 'ok'),
(69, 22, 1, 263, 'ok'),
(70, 44, 6, 454, 'ok'),
(71, 4, 2, 196, 'ok'),
(72, 24, 8, 316, 'ok'),
(73, 3, 6, 187, 'ok'),
(74, 12, 9, 360, 'ok'),
(75, 5, 9, 363, 'ok'),
(76, 50, 4, 70, 'ok'),
(77, 22, 4, 276, 'ok'),
(78, 8, 8, 377, 'ok'),
(79, 49, 10, 446, 'ok'),
(80, 45, 4, 385, 'ok'),
(81, 48, 4, 164, 'ok'),
(82, 23, 5, 257, 'ok'),
(83, 44, 7, 141, 'ok'),
(84, 4, 2, 190, 'ok'),
(85, 23, 8, 248, 'ok'),
(86, 33, 9, 424, 'ok'),
(87, 8, 8, 363, 'ok'),
(88, 35, 9, 460, 'ok'),
(89, 19, 8, 317, 'ok'),
(90, 24, 2, 96, 'ok'),
(91, 30, 2, 41, 'ok'),
(92, 26, 3, 147, 'ok'),
(93, 5, 2, 84, 'ok'),
(94, 18, 2, 356, 'ok'),
(95, 10, 8, 77, 'ok'),
(96, 14, 9, 487, 'ok'),
(97, 41, 1, 150, 'ok'),
(98, 27, 9, 477, 'ok'),
(99, 9, 8, 177, 'ok'),
(100, 27, 8, 377, 'ok'),
(101, 42, 1, 149, 'ok'),
(102, 13, 2, 11, 'low'),
(103, 15, 9, 330, 'ok'),
(104, 22, 7, 296, 'ok'),
(105, 22, 6, 248, 'ok'),
(106, 38, 9, 431, 'ok'),
(107, 36, 8, 234, 'ok'),
(108, 20, 10, 67, 'ok'),
(109, 20, 3, 404, 'ok'),
(110, 17, 4, 247, 'ok'),
(111, 24, 5, 394, 'ok'),
(112, 4, 3, 180, 'ok'),
(113, 19, 8, 489, 'ok'),
(114, 11, 10, 473, 'ok'),
(115, 11, 9, 146, 'ok'),
(116, 12, 3, 429, 'ok'),
(117, 46, 3, 82, 'ok'),
(118, 16, 2, 21, 'ok'),
(119, 21, 10, 64, 'ok'),
(120, 29, 5, 189, 'ok'),
(121, 12, 4, 287, 'ok'),
(122, 46, 1, 340, 'ok'),
(123, 21, 6, 75, 'ok'),
(124, 24, 8, 276, 'ok'),
(125, 11, 9, 154, 'ok'),
(126, 8, 1, 207, 'ok'),
(127, 32, 3, 485, 'ok'),
(128, 30, 6, 79, 'ok'),
(129, 1, 9, 499, 'ok'),
(130, 33, 6, 331, 'ok'),
(131, 46, 5, 242, 'ok'),
(132, 19, 10, 341, 'ok'),
(133, 10, 10, 373, 'ok'),
(134, 29, 6, 352, 'ok'),
(135, 8, 8, 460, 'ok'),
(136, 3, 3, 347, 'ok'),
(137, 36, 2, 157, 'ok'),
(138, 2, 7, 316, 'ok'),
(139, 15, 8, 182, 'ok'),
(140, 6, 6, 28, 'ok'),
(141, 39, 4, 298, 'ok'),
(142, 34, 4, 400, 'ok'),
(143, 50, 5, 100, 'ok'),
(144, 2, 2, 275, 'ok'),
(145, 29, 2, 499, 'ok'),
(146, 33, 7, 99, 'ok'),
(147, 32, 6, 308, 'ok'),
(148, 39, 9, 483, 'ok'),
(149, 4, 6, 203, 'ok'),
(150, 10, 7, 189, 'ok'),
(151, 25, 6, 6, 'low'),
(152, 19, 6, 179, 'ok'),
(153, 20, 8, 447, 'ok'),
(154, 36, 2, 110, 'ok'),
(155, 47, 8, 379, 'ok'),
(156, 27, 8, 147, 'ok'),
(157, 11, 7, 373, 'ok'),
(158, 27, 3, 427, 'ok'),
(159, 38, 10, 44, 'ok'),
(160, 10, 4, 155, 'ok'),
(161, 31, 9, 171, 'ok'),
(162, 5, 10, 387, 'ok'),
(163, 25, 2, 3, 'low'),
(164, 27, 5, 212, 'ok'),
(165, 12, 9, 236, 'ok'),
(166, 46, 10, 386, 'ok'),
(167, 9, 4, 95, 'ok'),
(168, 25, 5, 283, 'ok'),
(169, 32, 1, 421, 'ok'),
(170, 20, 10, 155, 'ok'),
(171, 32, 9, 378, 'ok'),
(172, 30, 4, 13, 'low'),
(173, 1, 3, 134, 'ok'),
(174, 20, 8, 63, 'ok'),
(175, 42, 5, 213, 'ok'),
(176, 12, 8, 464, 'ok'),
(177, 45, 4, 14, 'low'),
(178, 8, 5, 252, 'ok'),
(179, 5, 10, 381, 'ok'),
(180, 24, 10, 246, 'ok'),
(181, 37, 7, 444, 'ok'),
(182, 17, 8, 498, 'ok'),
(183, 45, 2, 191, 'ok'),
(184, 33, 10, 8, 'low'),
(185, 17, 3, 297, 'ok'),
(186, 4, 3, 163, 'ok'),
(187, 30, 3, 182, 'ok'),
(188, 11, 1, 139, 'ok'),
(189, 24, 7, 325, 'ok'),
(190, 23, 1, 148, 'ok'),
(191, 19, 9, 327, 'ok'),
(192, 5, 9, 99, 'ok'),
(193, 50, 3, 391, 'ok'),
(194, 7, 10, 385, 'ok'),
(195, 11, 9, 165, 'ok'),
(196, 21, 5, 138, 'ok'),
(197, 44, 6, 49, 'ok'),
(198, 35, 10, 180, 'ok'),
(199, 10, 1, 70, 'ok'),
(200, 34, 5, 190, 'ok');

INSERT INTO orders (order_id, user_id, store_id, order_date, status) VALUES
(1, 82, 3, '2025-03-15', 'pending'),
(2, 95, 6, '2025-04-05', 'shipped'),
(3, 29, 10, '2025-03-18', 'pending'),
(4, 87, 8, '2025-05-09', 'pending'),
(5, 76, 7, '2025-04-24', 'pending'),
(6, 4, 5, '2025-03-12', 'shipped'),
(7, 30, 1, '2025-05-04', 'pending'),
(8, 72, 3, '2025-03-26', 'cancelled'),
(9, 29, 10, '2025-04-27', 'delivered'),
(10, 1, 2, '2025-03-21', 'cancelled'),
(11, 44, 5, '2025-04-05', 'shipped'),
(12, 28, 9, '2025-04-13', 'pending'),
(13, 12, 3, '2025-04-18', 'pending'),
(14, 46, 7, '2025-04-14', 'delivered'),
(15, 6, 7, '2025-04-28', 'pending'),
(16, 49, 10, '2025-03-11', 'delivered'),
(17, 81, 2, '2025-05-19', 'delivered'),
(18, 74, 5, '2025-03-25', 'pending'),
(19, 6, 7, '2025-05-24', 'shipped'),
(20, 99, 10, '2025-04-07', 'pending'),
(21, 30, 1, '2025-03-13', 'cancelled'),
(22, 36, 7, '2025-04-28', 'delivered'),
(23, 21, 2, '2025-04-17', 'delivered'),
(24, 27, 8, '2025-05-25', 'delivered'),
(25, 90, 1, '2025-05-27', 'pending'),
(26, 78, 9, '2025-05-21', 'shipped'),
(27, 69, 10, '2025-04-01', 'shipped'),
(28, 60, 1, '2025-04-18', 'delivered'),
(29, 82, 3, '2025-05-28', 'shipped'),
(30, 88, 9, '2025-04-11', 'pending'),
(31, 30, 1, '2025-03-05', 'delivered'),
(32, 52, 3, '2025-04-04', 'pending'),
(33, 28, 9, '2025-05-12', 'delivered'),
(34, 28, 9, '2025-05-23', 'cancelled'),
(35, 51, 2, '2025-05-22', 'cancelled'),
(36, 19, 10, '2025-04-03', 'shipped'),
(37, 32, 3, '2025-05-11', 'delivered'),
(38, 96, 7, '2025-05-14', 'cancelled'),
(39, 75, 6, '2025-04-21', 'delivered'),
(40, 29, 10, '2025-03-18', 'cancelled'),
(41, 12, 3, '2025-03-07', 'pending'),
(42, 20, 1, '2025-05-20', 'shipped'),
(43, 88, 9, '2025-04-24', 'pending'),
(44, 50, 1, '2025-04-18', 'cancelled'),
(45, 68, 9, '2025-04-02', 'pending'),
(46, 88, 9, '2025-03-15', 'delivered'),
(47, 99, 10, '2025-05-22', 'delivered'),
(48, 15, 6, '2025-04-07', 'cancelled'),
(49, 21, 2, '2025-04-28', 'pending'),
(50, 93, 4, '2025-04-03', 'shipped'),
(51, 65, 6, '2025-03-14', 'delivered'),
(52, 82, 3, '2025-05-04', 'shipped'),
(53, 20, 1, '2025-04-17', 'shipped'),
(54, 70, 1, '2025-05-07', 'pending'),
(55, 77, 8, '2025-04-11', 'cancelled'),
(56, 3, 4, '2025-03-15', 'delivered'),
(57, 40, 1, '2025-03-31', 'pending'),
(58, 31, 2, '2025-05-12', 'pending'),
(59, 11, 2, '2025-05-02', 'pending'),
(60, 98, 9, '2025-05-08', 'shipped'),
(61, 17, 8, '2025-05-24', 'cancelled'),
(62, 71, 2, '2025-03-22', 'delivered'),
(63, 68, 9, '2025-05-17', 'cancelled'),
(64, 28, 9, '2025-05-09', 'shipped'),
(65, 92, 3, '2025-04-09', 'cancelled'),
(66, 86, 7, '2025-05-23', 'delivered'),
(67, 57, 8, '2025-05-06', 'cancelled'),
(68, 16, 7, '2025-04-01', 'shipped'),
(69, 9, 10, '2025-04-13', 'pending'),
(70, 76, 7, '2025-05-10', 'shipped'),
(71, 76, 7, '2025-03-29', 'pending'),
(72, 10, 1, '2025-05-30', 'pending'),
(73, 30, 1, '2025-03-09', 'pending'),
(74, 43, 4, '2025-03-10', 'shipped'),
(75, 36, 7, '2025-05-25', 'cancelled'),
(76, 28, 9, '2025-05-09', 'shipped'),
(77, 93, 4, '2025-05-13', 'cancelled'),
(78, 32, 3, '2025-04-30', 'cancelled'),
(79, 25, 6, '2025-03-13', 'pending'),
(80, 85, 6, '2025-04-25', 'delivered'),
(81, 55, 6, '2025-04-22', 'cancelled'),
(82, 94, 5, '2025-03-07', 'pending'),
(83, 8, 9, '2025-04-21', 'delivered'),
(84, 14, 5, '2025-04-01', 'shipped'),
(85, 25, 6, '2025-05-08', 'cancelled'),
(86, 18, 9, '2025-04-24', 'shipped'),
(87, 36, 7, '2025-04-29', 'shipped'),
(88, 10, 1, '2025-04-26', 'pending'),
(89, 7, 8, '2025-05-23', 'pending'),
(90, 12, 3, '2025-03-31', 'shipped'),
(91, 53, 4, '2025-05-02', 'cancelled'),
(92, 28, 9, '2025-04-21', 'pending'),
(93, 22, 3, '2025-04-18', 'pending'),
(94, 50, 1, '2025-04-03', 'cancelled'),
(95, 37, 8, '2025-04-24', 'cancelled'),
(96, 20, 1, '2025-03-25', 'delivered'),
(97, 28, 9, '2025-03-08', 'pending'),
(98, 96, 7, '2025-04-10', 'pending'),
(99, 7, 8, '2025-05-14', 'cancelled'),
(100, 65, 6, '2025-05-07', 'shipped'),
(101, 8, 9, '2025-05-05', 'pending'),
(102, 24, 5, '2025-03-09', 'pending'),
(103, 87, 8, '2025-03-31', 'cancelled'),
(104, 16, 7, '2025-05-12', 'shipped'),
(105, 75, 6, '2025-05-16', 'pending'),
(106, 80, 1, '2025-03-11', 'cancelled'),
(107, 85, 6, '2025-05-14', 'delivered'),
(108, 34, 5, '2025-03-27', 'delivered'),
(109, 31, 2, '2025-04-03', 'cancelled'),
(110, 17, 8, '2025-05-25', 'delivered'),
(111, 59, 10, '2025-04-10', 'pending'),
(112, 2, 3, '2025-04-28', 'pending'),
(113, 10, 1, '2025-05-08', 'shipped'),
(114, 65, 6, '2025-04-03', 'shipped'),
(115, 45, 6, '2025-03-09', 'shipped'),
(116, 48, 9, '2025-04-06', 'shipped'),
(117, 57, 8, '2025-05-09', 'delivered'),
(118, 79, 10, '2025-05-23', 'pending'),
(119, 86, 7, '2025-05-10', 'delivered'),
(120, 85, 6, '2025-03-14', 'shipped'),
(121, 34, 5, '2025-03-15', 'pending'),
(122, 96, 7, '2025-05-10', 'shipped'),
(123, 35, 6, '2025-04-06', 'shipped'),
(124, 92, 3, '2025-04-13', 'shipped'),
(125, 88, 9, '2025-05-21', 'delivered'),
(126, 65, 6, '2025-05-02', 'delivered'),
(127, 7, 8, '2025-03-12', 'cancelled'),
(128, 36, 7, '2025-03-06', 'pending'),
(129, 43, 4, '2025-03-17', 'delivered'),
(130, 21, 2, '2025-04-26', 'cancelled'),
(131, 72, 3, '2025-03-02', 'pending'),
(132, 10, 1, '2025-05-28', 'shipped'),
(133, 70, 1, '2025-03-05', 'delivered'),
(134, 75, 6, '2025-05-10', 'shipped'),
(135, 56, 7, '2025-03-17', 'pending'),
(136, 40, 1, '2025-04-16', 'pending'),
(137, 46, 7, '2025-03-27', 'shipped'),
(138, 86, 7, '2025-03-14', 'delivered'),
(139, 100, 1, '2025-05-11', 'cancelled'),
(140, 80, 1, '2025-03-20', 'shipped'),
(141, 21, 2, '2025-03-23', 'cancelled'),
(142, 4, 5, '2025-03-23', 'delivered'),
(143, 53, 4, '2025-05-25', 'shipped'),
(144, 35, 6, '2025-03-21', 'pending'),
(145, 49, 10, '2025-03-05', 'cancelled'),
(146, 29, 10, '2025-03-26', 'cancelled'),
(147, 45, 6, '2025-04-09', 'shipped'),
(148, 29, 10, '2025-03-04', 'shipped'),
(149, 52, 3, '2025-04-12', 'delivered'),
(150, 9, 10, '2025-04-05', 'delivered'),
(151, 83, 4, '2025-05-05', 'cancelled'),
(152, 87, 8, '2025-05-08', 'delivered'),
(153, 4, 5, '2025-03-15', 'delivered'),
(154, 23, 4, '2025-05-14', 'delivered'),
(155, 5, 6, '2025-03-14', 'cancelled'),
(156, 45, 6, '2025-04-10', 'cancelled'),
(157, 78, 9, '2025-05-05', 'pending'),
(158, 50, 1, '2025-05-13', 'shipped'),
(159, 33, 4, '2025-03-06', 'cancelled'),
(160, 1, 2, '2025-05-06', 'shipped'),
(161, 47, 8, '2025-04-25', 'pending'),
(162, 86, 7, '2025-04-12', 'delivered'),
(163, 85, 6, '2025-03-16', 'delivered'),
(164, 65, 6, '2025-04-09', 'cancelled'),
(165, 42, 3, '2025-04-21', 'delivered'),
(166, 71, 2, '2025-03-17', 'shipped'),
(167, 54, 5, '2025-05-25', 'cancelled'),
(168, 87, 8, '2025-03-23', 'delivered'),
(169, 52, 3, '2025-05-10', 'pending'),
(170, 39, 10, '2025-04-06', 'shipped'),
(171, 56, 7, '2025-05-14', 'delivered'),
(172, 60, 1, '2025-04-26', 'cancelled'),
(173, 87, 8, '2025-03-28', 'cancelled'),
(174, 95, 6, '2025-03-22', 'pending'),
(175, 37, 8, '2025-05-05', 'delivered'),
(176, 12, 3, '2025-03-31', 'delivered'),
(177, 29, 10, '2025-03-26', 'shipped'),
(178, 4, 5, '2025-03-06', 'shipped'),
(179, 61, 2, '2025-05-18', 'pending'),
(180, 59, 10, '2025-04-23', 'shipped'),
(181, 92, 3, '2025-05-29', 'cancelled'),
(182, 64, 5, '2025-04-21', 'shipped'),
(183, 19, 10, '2025-05-23', 'pending'),
(184, 97, 8, '2025-03-14', 'cancelled'),
(185, 29, 10, '2025-03-23', 'cancelled'),
(186, 7, 8, '2025-05-11', 'shipped'),
(187, 16, 7, '2025-04-28', 'shipped'),
(188, 60, 1, '2025-05-25', 'delivered'),
(189, 97, 8, '2025-04-26', 'cancelled'),
(190, 71, 2, '2025-04-27', 'shipped'),
(191, 96, 7, '2025-04-30', 'cancelled'),
(192, 34, 5, '2025-04-01', 'delivered'),
(193, 99, 10, '2025-05-06', 'cancelled'),
(194, 81, 2, '2025-03-31', 'delivered'),
(195, 57, 8, '2025-03-10', 'delivered'),
(196, 31, 2, '2025-04-04', 'delivered'),
(197, 41, 2, '2025-05-09', 'pending'),
(198, 18, 9, '2025-03-20', 'shipped'),
(199, 50, 1, '2025-05-28', 'shipped'),
(200, 91, 2, '2025-03-28', 'pending'),
(201, 54, 5, '2025-04-22', 'delivered'),
(202, 70, 1, '2025-04-29', 'cancelled'),
(203, 8, 9, '2025-03-27', 'cancelled'),
(204, 50, 1, '2025-05-14', 'pending'),
(205, 98, 9, '2025-05-13', 'cancelled'),
(206, 62, 3, '2025-03-01', 'delivered'),
(207, 39, 10, '2025-04-19', 'cancelled'),
(208, 69, 10, '2025-05-09', 'shipped'),
(209, 63, 4, '2025-03-29', 'delivered'),
(210, 56, 7, '2025-05-02', 'pending'),
(211, 50, 1, '2025-04-13', 'cancelled'),
(212, 93, 4, '2025-03-22', 'cancelled'),
(213, 17, 8, '2025-05-19', 'pending'),
(214, 51, 2, '2025-05-15', 'pending'),
(215, 11, 2, '2025-05-22', 'cancelled'),
(216, 18, 9, '2025-04-29', 'shipped'),
(217, 7, 8, '2025-04-03', 'cancelled'),
(218, 42, 3, '2025-03-28', 'cancelled'),
(219, 42, 3, '2025-04-13', 'cancelled'),
(220, 36, 7, '2025-04-23', 'delivered'),
(221, 11, 2, '2025-04-30', 'pending'),
(222, 96, 7, '2025-05-09', 'pending'),
(223, 45, 6, '2025-03-29', 'pending'),
(224, 100, 1, '2025-05-23', 'pending'),
(225, 97, 8, '2025-03-04', 'shipped'),
(226, 26, 7, '2025-03-03', 'shipped'),
(227, 31, 2, '2025-03-17', 'cancelled'),
(228, 86, 7, '2025-03-15', 'shipped'),
(229, 60, 1, '2025-05-29', 'delivered'),
(230, 99, 10, '2025-04-17', 'shipped'),
(231, 78, 9, '2025-05-17', 'pending'),
(232, 100, 1, '2025-03-21', 'delivered'),
(233, 14, 5, '2025-05-14', 'pending'),
(234, 40, 1, '2025-05-13', 'cancelled'),
(235, 51, 2, '2025-03-26', 'pending'),
(236, 76, 7, '2025-05-28', 'shipped'),
(237, 14, 5, '2025-05-29', 'delivered'),
(238, 88, 9, '2025-05-16', 'pending'),
(239, 73, 4, '2025-03-06', 'delivered'),
(240, 69, 10, '2025-04-24', 'delivered'),
(241, 9, 10, '2025-05-04', 'delivered'),
(242, 2, 3, '2025-04-23', 'cancelled'),
(243, 14, 5, '2025-04-25', 'delivered'),
(244, 82, 3, '2025-04-28', 'shipped'),
(245, 56, 7, '2025-03-23', 'delivered'),
(246, 79, 10, '2025-05-08', 'cancelled'),
(247, 60, 1, '2025-04-25', 'delivered'),
(248, 42, 3, '2025-04-01', 'pending'),
(249, 36, 7, '2025-04-27', 'shipped'),
(250, 97, 8, '2025-04-29', 'cancelled'),
(251, 44, 5, '2025-03-04', 'cancelled'),
(252, 42, 3, '2025-03-24', 'cancelled'),
(253, 28, 9, '2025-04-15', 'delivered'),
(254, 44, 5, '2025-04-05', 'delivered'),
(255, 72, 3, '2025-03-02', 'shipped'),
(256, 11, 2, '2025-03-31', 'cancelled'),
(257, 63, 4, '2025-05-11', 'shipped'),
(258, 89, 10, '2025-04-30', 'cancelled'),
(259, 58, 9, '2025-03-03', 'pending'),
(260, 38, 9, '2025-03-29', 'cancelled'),
(261, 89, 10, '2025-04-01', 'delivered'),
(262, 85, 6, '2025-05-14', 'delivered'),
(263, 61, 2, '2025-05-10', 'delivered'),
(264, 55, 6, '2025-05-10', 'delivered'),
(265, 46, 7, '2025-05-29', 'cancelled'),
(266, 35, 6, '2025-04-09', 'delivered'),
(267, 30, 1, '2025-03-16', 'shipped'),
(268, 41, 2, '2025-03-16', 'shipped'),
(269, 25, 6, '2025-03-28', 'cancelled'),
(270, 36, 7, '2025-05-15', 'delivered'),
(271, 13, 4, '2025-03-25', 'delivered'),
(272, 30, 1, '2025-04-16', 'shipped'),
(273, 39, 10, '2025-03-02', 'shipped'),
(274, 36, 7, '2025-03-06', 'pending'),
(275, 71, 2, '2025-04-07', 'shipped'),
(276, 82, 3, '2025-05-02', 'pending'),
(277, 2, 3, '2025-05-13', 'delivered'),
(278, 61, 2, '2025-05-01', 'cancelled'),
(279, 44, 5, '2025-03-24', 'pending'),
(280, 33, 4, '2025-05-01', 'pending'),
(281, 9, 10, '2025-04-21', 'cancelled'),
(282, 10, 1, '2025-05-13', 'pending'),
(283, 20, 1, '2025-03-20', 'delivered'),
(284, 11, 2, '2025-04-01', 'pending'),
(285, 72, 3, '2025-04-23', 'shipped'),
(286, 100, 1, '2025-05-06', 'cancelled'),
(287, 58, 9, '2025-04-26', 'delivered'),
(288, 76, 7, '2025-04-24', 'delivered'),
(289, 73, 4, '2025-05-19', 'pending'),
(290, 79, 10, '2025-03-13', 'shipped'),
(291, 81, 2, '2025-03-28', 'delivered'),
(292, 85, 6, '2025-03-11', 'shipped'),
(293, 31, 2, '2025-03-23', 'pending'),
(294, 21, 2, '2025-03-01', 'cancelled'),
(295, 58, 9, '2025-05-28', 'cancelled'),
(296, 38, 9, '2025-03-05', 'shipped'),
(297, 37, 8, '2025-05-30', 'delivered'),
(298, 90, 1, '2025-04-28', 'pending'),
(299, 88, 9, '2025-03-30', 'delivered'),
(300, 81, 2, '2025-05-15', 'shipped'),
(301, 55, 6, '2025-03-15', 'shipped'),
(302, 83, 4, '2025-03-20', 'delivered'),
(303, 19, 10, '2025-03-10', 'pending'),
(304, 22, 3, '2025-04-09', 'delivered'),
(305, 57, 8, '2025-03-16', 'cancelled'),
(306, 89, 10, '2025-04-08', 'cancelled'),
(307, 35, 6, '2025-05-04', 'cancelled'),
(308, 57, 8, '2025-03-11', 'pending'),
(309, 56, 7, '2025-04-11', 'delivered'),
(310, 4, 5, '2025-03-12', 'shipped'),
(311, 87, 8, '2025-05-13', 'pending'),
(312, 98, 9, '2025-05-26', 'delivered'),
(313, 74, 5, '2025-03-06', 'shipped'),
(314, 61, 2, '2025-05-06', 'cancelled'),
(315, 36, 7, '2025-03-24', 'cancelled'),
(316, 82, 3, '2025-05-02', 'pending'),
(317, 61, 2, '2025-04-14', 'cancelled'),
(318, 43, 4, '2025-04-11', 'pending'),
(319, 21, 2, '2025-04-12', 'cancelled'),
(320, 89, 10, '2025-05-03', 'delivered'),
(321, 85, 6, '2025-04-21', 'pending'),
(322, 59, 10, '2025-03-12', 'delivered'),
(323, 33, 4, '2025-04-11', 'pending'),
(324, 99, 10, '2025-04-21', 'pending'),
(325, 85, 6, '2025-05-09', 'cancelled'),
(326, 53, 4, '2025-03-07', 'shipped'),
(327, 67, 8, '2025-04-16', 'cancelled'),
(328, 81, 2, '2025-04-26', 'pending'),
(329, 27, 8, '2025-04-04', 'shipped'),
(330, 37, 8, '2025-04-26', 'cancelled'),
(331, 16, 7, '2025-03-04', 'shipped'),
(332, 91, 2, '2025-03-21', 'delivered'),
(333, 71, 2, '2025-03-02', 'cancelled'),
(334, 12, 3, '2025-03-29', 'pending'),
(335, 60, 1, '2025-03-16', 'shipped'),
(336, 64, 5, '2025-04-07', 'delivered'),
(337, 54, 5, '2025-05-01', 'cancelled'),
(338, 32, 3, '2025-04-28', 'shipped'),
(339, 50, 1, '2025-03-25', 'shipped'),
(340, 9, 10, '2025-04-05', 'cancelled'),
(341, 44, 5, '2025-05-04', 'delivered'),
(342, 1, 2, '2025-04-06', 'delivered'),
(343, 76, 7, '2025-05-14', 'cancelled'),
(344, 20, 1, '2025-04-27', 'cancelled'),
(345, 45, 6, '2025-04-12', 'cancelled'),
(346, 59, 10, '2025-04-11', 'shipped'),
(347, 90, 1, '2025-03-31', 'cancelled'),
(348, 30, 1, '2025-04-22', 'pending'),
(349, 41, 2, '2025-04-30', 'cancelled'),
(350, 50, 1, '2025-05-24', 'shipped'),
(351, 64, 5, '2025-03-05', 'shipped'),
(352, 65, 6, '2025-05-15', 'delivered'),
(353, 13, 4, '2025-04-26', 'pending'),
(354, 68, 9, '2025-04-28', 'pending'),
(355, 93, 4, '2025-03-19', 'cancelled'),
(356, 84, 5, '2025-03-20', 'pending'),
(357, 61, 2, '2025-04-03', 'delivered'),
(358, 80, 1, '2025-05-28', 'cancelled'),
(359, 84, 5, '2025-03-11', 'delivered'),
(360, 87, 8, '2025-05-08', 'cancelled'),
(361, 41, 2, '2025-05-20', 'cancelled'),
(362, 70, 1, '2025-03-05', 'pending'),
(363, 31, 2, '2025-05-20', 'delivered'),
(364, 30, 1, '2025-03-12', 'cancelled'),
(365, 13, 4, '2025-05-21', 'pending'),
(366, 57, 8, '2025-03-22', 'delivered'),
(367, 4, 5, '2025-03-06', 'delivered'),
(368, 8, 9, '2025-04-07', 'delivered'),
(369, 48, 9, '2025-04-25', 'shipped'),
(370, 32, 3, '2025-05-07', 'cancelled'),
(371, 73, 4, '2025-05-27', 'shipped'),
(372, 22, 3, '2025-03-23', 'pending'),
(373, 79, 10, '2025-04-18', 'shipped'),
(374, 64, 5, '2025-05-14', 'shipped'),
(375, 30, 1, '2025-04-29', 'delivered'),
(376, 59, 10, '2025-04-02', 'pending'),
(377, 60, 1, '2025-04-06', 'shipped'),
(378, 10, 1, '2025-04-26', 'delivered'),
(379, 76, 7, '2025-04-08', 'cancelled'),
(380, 89, 10, '2025-04-02', 'cancelled'),
(381, 39, 10, '2025-03-26', 'cancelled'),
(382, 62, 3, '2025-03-14', 'shipped'),
(383, 49, 10, '2025-05-13', 'delivered'),
(384, 74, 5, '2025-04-07', 'delivered'),
(385, 3, 4, '2025-05-24', 'cancelled'),
(386, 36, 7, '2025-03-02', 'pending'),
(387, 78, 9, '2025-05-03', 'delivered'),
(388, 100, 1, '2025-03-30', 'delivered'),
(389, 29, 10, '2025-05-21', 'shipped'),
(390, 80, 1, '2025-04-02', 'shipped'),
(391, 81, 2, '2025-03-13', 'pending'),
(392, 40, 1, '2025-04-26', 'pending'),
(393, 75, 6, '2025-04-16', 'shipped'),
(394, 12, 3, '2025-04-07', 'delivered'),
(395, 96, 7, '2025-04-23', 'shipped'),
(396, 26, 7, '2025-03-17', 'delivered'),
(397, 68, 9, '2025-05-04', 'delivered'),
(398, 22, 3, '2025-04-02', 'cancelled'),
(399, 38, 9, '2025-04-13', 'pending'),
(400, 60, 1, '2025-03-10', 'shipped');

INSERT INTO order_items (order_item_id, order_id, product_id, quantity, price_per_unit) VALUES
(1, 47, 49, 4, 81193.94),
(2, 315, 12, 4, 63253.28),
(3, 48, 3, 5, 34503.61),
(4, 238, 44, 2, 64937.26),
(5, 366, 10, 4, 52964.23),
(6, 332, 34, 1, 29424.95),
(7, 224, 6, 4, 30389.13),
(8, 66, 44, 3, 84233.03),
(9, 268, 28, 3, 57069.3),
(10, 283, 5, 1, 51584.74),
(11, 262, 28, 4, 9901.19),
(12, 339, 47, 5, 81376.06),
(13, 182, 17, 5, 8636.07),
(14, 258, 2, 1, 74181.36),
(15, 237, 12, 2, 84369.53),
(16, 24, 6, 4, 87737.16),
(17, 153, 21, 5, 72547.42),
(18, 388, 43, 4, 62569.13),
(19, 136, 22, 2, 21501.3),
(20, 41, 48, 5, 26302.11),
(21, 345, 7, 4, 53670.41),
(22, 3, 26, 1, 1823.81),
(23, 336, 31, 4, 69334.72),
(24, 337, 48, 5, 72728.18),
(25, 156, 40, 5, 36392.51),
(26, 345, 45, 4, 80561.75),
(27, 45, 9, 2, 1880.65),
(28, 58, 2, 2, 85971.7),
(29, 108, 31, 2, 65149.11),
(30, 224, 41, 5, 19495.99),
(31, 155, 50, 4, 15242.48),
(32, 217, 2, 1, 17027.5),
(33, 79, 48, 4, 96404.75),
(34, 242, 2, 4, 58730.01),
(35, 104, 19, 5, 83030.35),
(36, 201, 4, 3, 1283.49),
(37, 323, 46, 4, 97958.95),
(38, 254, 48, 5, 59786.04),
(39, 284, 19, 1, 49005.9),
(40, 249, 33, 5, 72599.11),
(41, 348, 32, 2, 71571.89),
(42, 271, 2, 4, 57852.13),
(43, 284, 5, 3, 89341.28),
(44, 214, 31, 1, 49731.49),
(45, 331, 23, 4, 69902.69),
(46, 11, 11, 3, 72757.81),
(47, 241, 23, 4, 23594.26),
(48, 113, 38, 3, 92212.69),
(49, 367, 43, 4, 13550.28),
(50, 151, 47, 4, 96000.44),
(51, 345, 42, 3, 79699.28),
(52, 83, 40, 2, 28604.49),
(53, 384, 6, 4, 13345.11),
(54, 103, 11, 5, 49472.48),
(55, 213, 32, 3, 23854.53),
(56, 286, 4, 1, 36199.28),
(57, 134, 23, 2, 17884.12),
(58, 258, 3, 1, 34104.61),
(59, 59, 40, 2, 12508.46),
(60, 115, 32, 3, 99369.45),
(61, 182, 50, 1, 77124.44),
(62, 286, 18, 2, 85414.11),
(63, 264, 39, 1, 70787.29),
(64, 225, 30, 1, 97478.65),
(65, 313, 40, 1, 82449.22),
(66, 22, 33, 1, 17121.11),
(67, 61, 14, 3, 16124.74),
(68, 150, 46, 4, 76315.49),
(69, 256, 47, 1, 15852.43),
(70, 187, 22, 2, 12736.86),
(71, 104, 29, 4, 77037.32),
(72, 4, 16, 4, 34461.35),
(73, 259, 11, 1, 26968.56),
(74, 367, 49, 4, 36384.02),
(75, 341, 16, 2, 75444.02),
(76, 272, 27, 2, 14230.44),
(77, 220, 27, 4, 89857.49),
(78, 265, 44, 3, 94402.16),
(79, 227, 10, 1, 71903.76),
(80, 265, 5, 1, 34161.21),
(81, 206, 50, 2, 43690.19),
(82, 202, 49, 1, 66187.53),
(83, 329, 10, 5, 6252.08),
(84, 324, 46, 5, 97279.78),
(85, 215, 26, 5, 87417.86),
(86, 370, 48, 3, 90968.47),
(87, 5, 18, 5, 61234.91),
(88, 76, 45, 4, 44895.81),
(89, 106, 35, 5, 78939.99),
(90, 334, 29, 3, 88823.65),
(91, 333, 26, 2, 88156.98),
(92, 44, 3, 5, 33782.05),
(93, 372, 47, 2, 52286.74),
(94, 277, 19, 2, 9735.55),
(95, 283, 20, 5, 34400.53),
(96, 326, 11, 1, 3275.18),
(97, 277, 38, 3, 24513.31),
(98, 397, 20, 4, 98701.99),
(99, 57, 47, 1, 84237.55),
(100, 133, 41, 5, 35770.1),
(101, 25, 49, 1, 45149.32),
(102, 294, 48, 1, 45588.14),
(103, 121, 48, 5, 56776.92),
(104, 322, 43, 5, 84527.33),
(105, 120, 23, 3, 28811.28),
(106, 367, 37, 2, 71577.92),
(107, 267, 48, 2, 10970.08),
(108, 265, 38, 2, 82372.85),
(109, 185, 30, 1, 15082.05),
(110, 218, 27, 1, 9678.74),
(111, 218, 9, 4, 21871.05),
(112, 40, 24, 5, 40573.99),
(113, 287, 34, 4, 87265.47),
(114, 300, 32, 4, 99652.92),
(115, 353, 32, 4, 82469.28),
(116, 74, 33, 2, 48734.06),
(117, 235, 9, 5, 86395.53),
(118, 61, 45, 2, 45815.52),
(119, 17, 48, 2, 94434.92),
(120, 190, 8, 5, 85305.62),
(121, 57, 8, 3, 57390.59),
(122, 21, 34, 2, 12215.35),
(123, 157, 24, 3, 29751.14),
(124, 15, 10, 2, 78487.35),
(125, 216, 4, 3, 88961.19),
(126, 111, 12, 4, 707.53),
(127, 281, 23, 1, 87107.44),
(128, 214, 31, 5, 31315.34),
(129, 232, 22, 4, 47785.14),
(130, 369, 39, 2, 76314.15),
(131, 259, 41, 4, 76287.04),
(132, 342, 29, 2, 86701.38),
(133, 167, 6, 5, 66617.98),
(134, 210, 25, 2, 90074.32),
(135, 174, 35, 1, 95828.91),
(136, 227, 48, 3, 64768.69),
(137, 85, 46, 1, 57413.48),
(138, 396, 46, 3, 56323.91),
(139, 64, 42, 5, 8972.63),
(140, 317, 35, 5, 75882.71),
(141, 292, 34, 2, 75180.58),
(142, 258, 2, 1, 65996.31),
(143, 273, 12, 1, 27858.77),
(144, 106, 16, 5, 44700.83),
(145, 274, 39, 3, 40478.89),
(146, 24, 32, 1, 34325.68),
(147, 93, 27, 1, 86035.02),
(148, 163, 25, 3, 9557.0),
(149, 51, 35, 2, 28892.5),
(150, 94, 17, 1, 15845.62),
(151, 209, 44, 2, 6361.92),
(152, 167, 12, 1, 71473.41),
(153, 153, 25, 1, 32344.13),
(154, 212, 21, 3, 37863.56),
(155, 62, 4, 2, 24342.48),
(156, 306, 38, 2, 49551.45),
(157, 386, 33, 4, 94961.03),
(158, 138, 4, 3, 46749.94),
(159, 209, 5, 4, 3376.19),
(160, 325, 15, 1, 27281.39),
(161, 301, 44, 1, 25008.45),
(162, 285, 42, 2, 30808.98),
(163, 209, 29, 1, 84704.65),
(164, 257, 14, 2, 37643.87),
(165, 87, 16, 5, 95284.96),
(166, 285, 29, 1, 599.61),
(167, 238, 40, 3, 65479.36),
(168, 86, 1, 1, 93383.93),
(169, 247, 18, 5, 25463.45),
(170, 349, 25, 3, 84322.65),
(171, 109, 38, 5, 28490.47),
(172, 83, 48, 5, 56526.62),
(173, 154, 6, 4, 69993.72),
(174, 72, 47, 5, 99882.71),
(175, 222, 14, 5, 50729.61),
(176, 163, 44, 3, 63699.4),
(177, 386, 46, 4, 27664.81),
(178, 340, 21, 3, 21457.08),
(179, 307, 22, 1, 91444.82),
(180, 69, 42, 1, 61074.28),
(181, 3, 1, 2, 41609.72),
(182, 357, 46, 4, 76365.29),
(183, 276, 6, 1, 54095.61),
(184, 344, 29, 1, 35622.98),
(185, 193, 39, 3, 38981.73),
(186, 394, 45, 1, 12914.0),
(187, 190, 13, 4, 1431.65),
(188, 381, 2, 3, 68215.16),
(189, 364, 23, 2, 9451.67),
(190, 315, 41, 3, 80937.24),
(191, 114, 15, 4, 96746.0),
(192, 19, 18, 4, 90498.51),
(193, 362, 39, 2, 1209.97),
(194, 327, 26, 1, 87056.67),
(195, 292, 33, 4, 17462.47),
(196, 100, 43, 5, 67381.47),
(197, 309, 37, 2, 7003.38),
(198, 66, 48, 1, 13179.38),
(199, 292, 15, 5, 73025.44),
(200, 141, 13, 1, 99199.16),
(201, 355, 44, 5, 61638.43),
(202, 349, 36, 4, 694.52),
(203, 219, 42, 1, 85459.05),
(204, 166, 28, 4, 27766.54),
(205, 349, 34, 4, 49809.68),
(206, 265, 49, 1, 88438.34),
(207, 115, 4, 3, 91879.95),
(208, 273, 29, 3, 1013.35),
(209, 100, 22, 1, 88069.8),
(210, 13, 48, 2, 97820.51),
(211, 217, 5, 2, 20089.24),
(212, 169, 20, 1, 62786.47),
(213, 50, 2, 4, 43478.92),
(214, 13, 38, 3, 84130.5),
(215, 127, 7, 4, 24216.74),
(216, 175, 4, 3, 52207.67),
(217, 122, 5, 5, 62146.87),
(218, 392, 7, 4, 58103.98),
(219, 44, 4, 1, 38050.82),
(220, 356, 5, 2, 6669.22),
(221, 227, 4, 3, 61268.49),
(222, 222, 5, 1, 67917.66),
(223, 287, 4, 3, 85067.97),
(224, 206, 7, 5, 75320.35),
(225, 120, 39, 5, 1555.35),
(226, 197, 30, 4, 88053.85),
(227, 318, 7, 3, 65266.68),
(228, 346, 2, 4, 51962.68),
(229, 301, 13, 1, 10717.62),
(230, 305, 46, 1, 59492.21),
(231, 100, 37, 2, 63917.69),
(232, 132, 23, 4, 48399.23),
(233, 318, 29, 2, 24693.67),
(234, 23, 4, 2, 31510.85),
(235, 224, 33, 3, 31463.23),
(236, 278, 50, 2, 15167.2),
(237, 159, 39, 3, 29460.86),
(238, 5, 34, 5, 65938.84),
(239, 75, 4, 2, 50957.23),
(240, 287, 4, 4, 34709.7),
(241, 103, 41, 2, 78633.75),
(242, 175, 13, 4, 69630.77),
(243, 240, 39, 3, 85274.86),
(244, 290, 22, 5, 30313.34),
(245, 169, 11, 1, 45703.06),
(246, 22, 32, 2, 92035.38),
(247, 328, 15, 2, 46920.41),
(248, 110, 16, 4, 73591.32),
(249, 170, 48, 4, 20928.98),
(250, 95, 1, 3, 1484.26),
(251, 184, 2, 5, 11961.33),
(252, 149, 29, 2, 63317.79),
(253, 392, 24, 1, 97543.27),
(254, 102, 13, 3, 17827.59),
(255, 135, 47, 2, 34311.84),
(256, 284, 16, 2, 20000.76),
(257, 91, 17, 1, 2588.88),
(258, 347, 9, 4, 65659.49),
(259, 57, 22, 2, 30854.7),
(260, 123, 24, 3, 66260.42),
(261, 270, 40, 4, 87899.59),
(262, 34, 8, 2, 88330.95),
(263, 67, 13, 2, 53489.19),
(264, 356, 24, 3, 60155.14),
(265, 326, 16, 1, 76426.7),
(266, 301, 13, 5, 29771.18),
(267, 77, 21, 2, 5799.27),
(268, 144, 9, 5, 96854.24),
(269, 251, 14, 1, 78574.19),
(270, 340, 40, 1, 17159.64),
(271, 199, 49, 5, 37739.48),
(272, 266, 30, 2, 32521.4),
(273, 192, 34, 4, 71707.16),
(274, 254, 31, 3, 58328.08),
(275, 327, 38, 1, 21116.36),
(276, 104, 29, 2, 39892.05),
(277, 157, 28, 4, 57351.35),
(278, 192, 17, 5, 8933.51),
(279, 385, 6, 3, 44728.28),
(280, 181, 15, 5, 4593.72),
(281, 263, 40, 3, 42897.18),
(282, 240, 28, 4, 37067.44),
(283, 255, 21, 3, 38545.91),
(284, 92, 29, 2, 26929.68),
(285, 39, 23, 1, 29804.52),
(286, 257, 33, 5, 64543.61),
(287, 142, 15, 1, 12299.49),
(288, 185, 3, 5, 20430.51),
(289, 101, 44, 3, 25377.35),
(290, 382, 50, 3, 19468.92),
(291, 310, 9, 5, 91282.06),
(292, 5, 50, 3, 28543.6),
(293, 178, 26, 4, 82275.2),
(294, 388, 42, 1, 47464.4),
(295, 263, 49, 2, 86613.88),
(296, 117, 15, 2, 47706.61),
(297, 265, 38, 5, 75883.32),
(298, 370, 30, 3, 79295.53),
(299, 161, 13, 4, 77128.04),
(300, 358, 27, 2, 44148.74),
(301, 286, 2, 3, 14325.55),
(302, 66, 20, 1, 50230.12),
(303, 338, 23, 3, 22936.32),
(304, 218, 44, 4, 76402.74),
(305, 354, 35, 3, 32944.91),
(306, 12, 37, 1, 92253.35),
(307, 79, 22, 5, 63169.01),
(308, 309, 39, 5, 86761.0),
(309, 196, 14, 4, 6839.07),
(310, 198, 13, 4, 11309.52),
(311, 292, 29, 3, 9777.53),
(312, 54, 44, 5, 18174.79),
(313, 353, 39, 4, 3170.43),
(314, 102, 5, 4, 28739.85),
(315, 120, 19, 5, 7462.95),
(316, 30, 24, 5, 1599.19),
(317, 168, 27, 4, 16125.03),
(318, 57, 9, 5, 42132.11),
(319, 381, 5, 4, 95532.13),
(320, 106, 9, 2, 31320.84),
(321, 364, 43, 4, 16298.73),
(322, 295, 20, 5, 20695.8),
(323, 367, 44, 4, 27906.38),
(324, 4, 10, 4, 6865.02),
(325, 205, 39, 2, 52822.72),
(326, 292, 32, 4, 46538.2),
(327, 21, 48, 1, 29147.22),
(328, 234, 23, 3, 39413.49),
(329, 90, 27, 2, 18368.02),
(330, 317, 47, 4, 46053.9),
(331, 338, 12, 5, 10005.65),
(332, 358, 3, 2, 88611.41),
(333, 81, 18, 5, 29543.01),
(334, 35, 45, 2, 90919.28),
(335, 211, 49, 5, 12562.45),
(336, 189, 5, 1, 50687.29),
(337, 400, 21, 4, 45368.13),
(338, 130, 14, 5, 4941.2),
(339, 14, 5, 4, 38424.98),
(340, 382, 26, 2, 39969.1),
(341, 6, 17, 1, 71055.41),
(342, 70, 21, 4, 48733.54),
(343, 35, 6, 5, 65873.75),
(344, 366, 29, 2, 47343.38),
(345, 143, 11, 2, 83930.34),
(346, 311, 7, 2, 29767.39),
(347, 274, 48, 4, 17261.11),
(348, 344, 49, 1, 67899.62),
(349, 79, 29, 3, 18205.05),
(350, 366, 3, 5, 22008.57),
(351, 357, 4, 5, 64280.71),
(352, 367, 43, 1, 39366.53),
(353, 158, 29, 1, 60021.43),
(354, 25, 50, 4, 76827.87),
(355, 128, 24, 2, 20398.58),
(356, 9, 27, 1, 98934.42),
(357, 173, 13, 1, 22446.5),
(358, 50, 43, 2, 72539.14),
(359, 23, 27, 5, 11214.54),
(360, 168, 21, 5, 62865.25),
(361, 320, 14, 5, 39808.86),
(362, 220, 8, 2, 21771.11),
(363, 183, 21, 2, 1991.96),
(364, 335, 21, 1, 39224.07),
(365, 235, 15, 1, 65967.19),
(366, 143, 42, 5, 37213.51),
(367, 35, 14, 4, 30502.66),
(368, 307, 32, 1, 71396.85),
(369, 292, 11, 3, 95923.95),
(370, 308, 21, 4, 67951.1),
(371, 395, 45, 2, 33538.63),
(372, 326, 49, 3, 97813.14),
(373, 342, 31, 1, 33842.97),
(374, 312, 38, 4, 38545.95),
(375, 328, 48, 2, 50590.29),
(376, 361, 1, 2, 2610.73),
(377, 389, 8, 3, 24021.43),
(378, 220, 49, 2, 62166.74),
(379, 31, 9, 3, 50123.28),
(380, 104, 10, 4, 20836.34),
(381, 20, 16, 5, 98860.86),
(382, 228, 48, 3, 13859.57),
(383, 163, 42, 1, 52326.85),
(384, 213, 42, 3, 75179.82),
(385, 118, 47, 3, 34601.48),
(386, 106, 35, 1, 90709.89),
(387, 341, 16, 2, 61002.29),
(388, 196, 34, 3, 18762.77),
(389, 323, 1, 1, 87051.74),
(390, 36, 13, 1, 63619.51),
(391, 73, 14, 2, 9630.06),
(392, 304, 36, 2, 24012.86),
(393, 41, 28, 4, 31490.57),
(394, 370, 13, 2, 42689.67),
(395, 311, 16, 3, 28892.61),
(396, 230, 41, 2, 27550.15),
(397, 247, 6, 3, 40125.33),
(398, 86, 31, 4, 42558.38),
(399, 313, 48, 4, 76152.28),
(400, 247, 2, 4, 43026.03),
(401, 43, 49, 3, 59720.74),
(402, 79, 36, 2, 26100.53),
(403, 238, 20, 4, 28680.96),
(404, 288, 39, 4, 7658.0),
(405, 70, 46, 4, 19973.72),
(406, 98, 1, 1, 86234.69),
(407, 374, 47, 3, 49399.64),
(408, 213, 26, 3, 38711.72),
(409, 158, 42, 5, 7587.82),
(410, 20, 8, 4, 93246.89),
(411, 84, 13, 4, 95731.14),
(412, 395, 49, 3, 51206.03),
(413, 251, 41, 3, 69797.31),
(414, 334, 25, 4, 73698.59),
(415, 125, 31, 1, 92186.12),
(416, 186, 41, 1, 69898.41),
(417, 331, 10, 3, 60740.85),
(418, 349, 10, 3, 25117.77),
(419, 297, 43, 2, 1727.57),
(420, 395, 6, 4, 40067.86),
(421, 301, 6, 5, 91039.94),
(422, 217, 11, 4, 25660.69),
(423, 155, 33, 5, 66019.36),
(424, 196, 38, 3, 73526.38),
(425, 386, 47, 1, 11372.77),
(426, 294, 50, 3, 81515.69),
(427, 138, 48, 2, 93036.68),
(428, 204, 45, 3, 1138.82),
(429, 87, 32, 1, 10138.63),
(430, 397, 45, 4, 52733.72),
(431, 336, 19, 4, 17478.11),
(432, 192, 12, 2, 20203.04),
(433, 94, 33, 1, 45340.75),
(434, 109, 12, 2, 6368.72),
(435, 94, 49, 2, 26305.52),
(436, 210, 29, 5, 11364.95),
(437, 326, 11, 1, 29666.0),
(438, 194, 8, 3, 6894.11),
(439, 16, 38, 2, 48050.76),
(440, 345, 49, 1, 1445.9),
(441, 137, 49, 1, 66699.57),
(442, 22, 7, 2, 52472.29),
(443, 4, 25, 5, 52247.38),
(444, 390, 18, 4, 47586.56),
(445, 173, 39, 4, 33986.75),
(446, 350, 22, 3, 81776.3),
(447, 185, 43, 4, 38154.35),
(448, 30, 23, 3, 80723.89),
(449, 2, 30, 4, 72659.41),
(450, 72, 2, 5, 12728.01),
(451, 272, 18, 2, 37158.77),
(452, 317, 44, 4, 51733.94),
(453, 339, 13, 1, 98625.05),
(454, 165, 2, 3, 87406.73),
(455, 377, 21, 4, 23739.09),
(456, 249, 26, 5, 79499.06),
(457, 179, 28, 4, 98693.71),
(458, 359, 7, 4, 29739.37),
(459, 100, 46, 2, 87050.94),
(460, 293, 46, 5, 3658.7),
(461, 255, 6, 3, 83319.23),
(462, 281, 30, 2, 89692.65),
(463, 60, 31, 5, 24469.71),
(464, 109, 11, 1, 10994.23),
(465, 367, 2, 2, 92935.85),
(466, 168, 25, 3, 22427.42),
(467, 132, 43, 4, 95174.64),
(468, 344, 8, 2, 92312.25),
(469, 325, 47, 4, 9498.95),
(470, 355, 22, 2, 93212.11),
(471, 393, 39, 1, 64576.66),
(472, 194, 46, 4, 65565.01),
(473, 288, 28, 2, 22743.31),
(474, 60, 19, 1, 11582.56),
(475, 175, 48, 5, 93752.46),
(476, 382, 8, 5, 37089.83),
(477, 161, 25, 5, 73823.33),
(478, 160, 4, 5, 53792.5),
(479, 199, 28, 3, 77242.45),
(480, 348, 9, 5, 66542.41),
(481, 303, 15, 1, 39833.58),
(482, 276, 30, 3, 14897.73),
(483, 152, 15, 4, 68158.1),
(484, 76, 39, 3, 15014.13),
(485, 341, 45, 1, 60088.59),
(486, 159, 33, 1, 27708.53),
(487, 362, 37, 4, 63292.17),
(488, 111, 32, 3, 70561.98),
(489, 193, 4, 3, 15693.87),
(490, 367, 14, 2, 70190.54),
(491, 27, 50, 2, 85749.49),
(492, 373, 26, 3, 98446.76),
(493, 338, 11, 1, 55020.32),
(494, 173, 28, 4, 99036.27),
(495, 388, 26, 4, 7646.41),
(496, 373, 19, 3, 69789.44),
(497, 100, 45, 5, 39680.36),
(498, 68, 21, 5, 86652.62),
(499, 28, 46, 3, 46024.48),
(500, 84, 37, 2, 44467.43),
(501, 248, 19, 2, 21371.75),
(502, 384, 13, 1, 36541.46),
(503, 295, 7, 2, 37967.3),
(504, 219, 44, 2, 92635.54),
(505, 50, 23, 4, 18373.47),
(506, 27, 8, 5, 65184.73),
(507, 304, 28, 2, 62883.77),
(508, 207, 16, 1, 12320.85),
(509, 204, 32, 3, 68954.42),
(510, 89, 42, 4, 77697.06),
(511, 344, 43, 1, 77884.22),
(512, 333, 25, 3, 63417.18),
(513, 228, 24, 1, 12440.04),
(514, 43, 8, 4, 64320.23),
(515, 261, 15, 1, 58891.62),
(516, 294, 31, 3, 69525.72),
(517, 49, 38, 2, 38704.01),
(518, 331, 45, 4, 30187.15),
(519, 65, 7, 3, 6818.08),
(520, 276, 12, 4, 81380.36),
(521, 11, 26, 5, 81837.55),
(522, 272, 32, 1, 52130.66),
(523, 300, 35, 1, 75474.07),
(524, 107, 43, 1, 18476.09),
(525, 307, 45, 2, 1029.74),
(526, 229, 21, 1, 4394.74),
(527, 295, 14, 2, 9238.18),
(528, 132, 49, 1, 8918.73),
(529, 64, 33, 3, 36674.18),
(530, 279, 11, 4, 97721.76),
(531, 337, 1, 2, 30409.7),
(532, 266, 19, 5, 44769.57),
(533, 296, 32, 3, 52505.29),
(534, 181, 39, 5, 51303.74),
(535, 353, 7, 1, 24091.49),
(536, 97, 10, 3, 85680.47),
(537, 111, 9, 5, 55431.03),
(538, 303, 23, 3, 13284.97),
(539, 319, 28, 1, 55209.94),
(540, 134, 25, 2, 40305.91),
(541, 43, 17, 4, 94049.83),
(542, 74, 35, 2, 7520.53),
(543, 376, 18, 2, 71587.27),
(544, 289, 43, 5, 60692.0),
(545, 215, 10, 3, 99248.67),
(546, 223, 25, 1, 96419.76),
(547, 127, 5, 3, 12899.81),
(548, 57, 44, 5, 40974.74),
(549, 169, 41, 1, 36600.54),
(550, 171, 50, 3, 15059.8),
(551, 116, 18, 1, 10245.71),
(552, 114, 25, 1, 78382.0),
(553, 64, 12, 5, 72968.58),
(554, 157, 38, 4, 10006.29),
(555, 179, 45, 5, 86607.14),
(556, 283, 18, 5, 10357.08),
(557, 25, 11, 3, 94677.78),
(558, 200, 12, 3, 80705.46),
(559, 348, 35, 5, 59664.39),
(560, 207, 31, 5, 13193.43),
(561, 5, 44, 5, 71465.65),
(562, 337, 9, 2, 38190.67),
(563, 377, 18, 1, 91884.94),
(564, 328, 24, 2, 67982.41),
(565, 215, 46, 4, 18718.9),
(566, 182, 30, 5, 29038.56),
(567, 220, 34, 2, 30866.15),
(568, 45, 20, 4, 77172.55),
(569, 47, 41, 1, 8130.97),
(570, 123, 6, 2, 57744.01),
(571, 44, 48, 3, 55638.9),
(572, 253, 1, 4, 67864.79),
(573, 375, 9, 4, 50031.62),
(574, 351, 44, 5, 69939.25),
(575, 208, 1, 5, 19423.31),
(576, 382, 1, 4, 70407.88),
(577, 384, 23, 2, 99425.08),
(578, 339, 34, 5, 4714.42),
(579, 230, 11, 5, 90427.96),
(580, 90, 5, 3, 84021.19),
(581, 264, 23, 1, 42560.87),
(582, 195, 11, 3, 96987.98),
(583, 174, 44, 2, 83256.78),
(584, 393, 8, 3, 30268.21),
(585, 151, 17, 2, 722.31),
(586, 324, 37, 4, 22137.59),
(587, 157, 42, 5, 82659.88),
(588, 19, 30, 5, 84911.0),
(589, 30, 23, 1, 61745.26),
(590, 169, 20, 3, 11162.82),
(591, 180, 47, 2, 40505.77),
(592, 5, 7, 4, 49458.59),
(593, 44, 34, 5, 89901.74),
(594, 211, 8, 4, 1187.59),
(595, 394, 43, 3, 22996.48),
(596, 203, 24, 3, 36767.32),
(597, 94, 35, 3, 11315.15),
(598, 225, 43, 4, 16602.51),
(599, 182, 48, 4, 1078.12),
(600, 364, 13, 1, 19361.92),
(601, 21, 9, 4, 42395.05),
(602, 170, 3, 2, 66787.38),
(603, 246, 43, 3, 12319.83),
(604, 251, 36, 4, 80082.1),
(605, 366, 9, 3, 75233.45),
(606, 400, 26, 5, 72736.46),
(607, 380, 25, 2, 11418.41),
(608, 56, 2, 2, 15976.43),
(609, 257, 1, 2, 5677.96),
(610, 176, 28, 5, 73874.44),
(611, 223, 31, 3, 28581.23),
(612, 43, 49, 4, 25150.86),
(613, 79, 47, 5, 19092.59),
(614, 144, 50, 1, 86484.6),
(615, 359, 16, 4, 20242.04),
(616, 362, 7, 5, 61304.49),
(617, 97, 38, 2, 23323.73),
(618, 68, 26, 1, 27749.23),
(619, 99, 10, 4, 2257.3),
(620, 103, 6, 1, 38345.09),
(621, 269, 20, 2, 22566.64),
(622, 219, 31, 1, 51231.44),
(623, 330, 4, 3, 11450.47),
(624, 187, 18, 3, 71302.77),
(625, 127, 21, 1, 18584.29),
(626, 1, 4, 3, 21591.77),
(627, 242, 18, 5, 10525.79),
(628, 95, 17, 4, 36676.33),
(629, 156, 8, 1, 67060.28),
(630, 350, 36, 2, 33455.57),
(631, 380, 24, 5, 53121.78),
(632, 191, 16, 3, 21398.31),
(633, 197, 6, 1, 13483.3),
(634, 381, 39, 1, 4583.37),
(635, 336, 13, 2, 70613.68),
(636, 51, 5, 5, 62091.53),
(637, 155, 47, 4, 98969.64),
(638, 104, 35, 2, 4859.21),
(639, 99, 27, 5, 71304.51),
(640, 389, 36, 3, 89543.85),
(641, 230, 41, 1, 91129.49),
(642, 35, 31, 4, 52614.39),
(643, 258, 2, 2, 60115.79),
(644, 357, 9, 3, 5021.8),
(645, 290, 4, 2, 74201.16),
(646, 204, 32, 5, 87090.44),
(647, 39, 11, 4, 75197.42),
(648, 197, 36, 4, 40384.47),
(649, 140, 14, 2, 858.25),
(650, 293, 14, 5, 69823.81),
(651, 263, 30, 5, 70921.53),
(652, 269, 17, 3, 85321.27),
(653, 152, 46, 3, 55439.02),
(654, 88, 15, 1, 53589.8),
(655, 150, 3, 2, 94233.58),
(656, 143, 9, 3, 87401.59),
(657, 27, 42, 2, 98958.86),
(658, 108, 35, 1, 639.3),
(659, 178, 41, 5, 97235.75),
(660, 167, 6, 5, 26771.8),
(661, 69, 27, 5, 29842.09),
(662, 30, 41, 1, 82481.21),
(663, 113, 47, 3, 18085.16),
(664, 9, 35, 5, 11091.05),
(665, 382, 45, 4, 94592.8),
(666, 132, 41, 5, 55312.34),
(667, 227, 15, 3, 27244.95),
(668, 298, 41, 4, 15986.33),
(669, 119, 47, 4, 37179.68),
(670, 246, 6, 4, 18560.6),
(671, 95, 12, 2, 57180.97),
(672, 374, 12, 3, 2594.21),
(673, 84, 12, 4, 68893.0),
(674, 97, 5, 2, 7668.84),
(675, 126, 30, 4, 10473.26),
(676, 270, 9, 1, 60527.7),
(677, 194, 25, 1, 11448.53),
(678, 7, 49, 1, 13651.82),
(679, 395, 6, 3, 14692.24),
(680, 322, 39, 1, 79343.84),
(681, 5, 7, 5, 73745.09),
(682, 174, 46, 1, 20631.0),
(683, 246, 49, 5, 89292.83),
(684, 84, 20, 3, 48151.38),
(685, 125, 4, 5, 69358.1),
(686, 322, 35, 1, 2610.19),
(687, 23, 7, 5, 30025.48),
(688, 262, 27, 2, 620.44),
(689, 115, 2, 2, 42999.98),
(690, 76, 23, 3, 22975.5),
(691, 351, 25, 1, 49436.15),
(692, 57, 15, 1, 95668.42),
(693, 145, 23, 1, 61761.83),
(694, 61, 24, 1, 89610.86),
(695, 310, 10, 2, 43148.53),
(696, 172, 39, 2, 68103.61),
(697, 77, 43, 3, 62663.45),
(698, 147, 23, 1, 27473.78),
(699, 256, 43, 3, 93321.74),
(700, 365, 5, 1, 86240.54),
(701, 77, 50, 2, 32365.47),
(702, 200, 29, 4, 81557.65),
(703, 58, 37, 4, 95978.74),
(704, 143, 10, 1, 32643.81),
(705, 66, 12, 4, 35584.57),
(706, 254, 28, 4, 69495.37),
(707, 212, 39, 3, 14253.02),
(708, 335, 16, 4, 42156.63),
(709, 255, 35, 5, 49513.84),
(710, 275, 15, 4, 8819.96),
(711, 367, 27, 5, 57998.71),
(712, 356, 48, 2, 70457.78),
(713, 121, 24, 1, 20726.33),
(714, 9, 24, 5, 47655.67),
(715, 69, 8, 1, 91180.51),
(716, 185, 50, 2, 29822.38),
(717, 74, 36, 4, 24628.49),
(718, 115, 4, 2, 12164.96),
(719, 357, 46, 2, 38057.35),
(720, 14, 45, 4, 37482.58),
(721, 360, 7, 5, 7840.14),
(722, 305, 11, 1, 15115.22),
(723, 73, 6, 2, 8168.0),
(724, 292, 27, 2, 76659.06),
(725, 241, 48, 2, 74936.66),
(726, 358, 20, 4, 41446.49),
(727, 173, 29, 1, 29033.52),
(728, 80, 4, 1, 60615.27),
(729, 89, 33, 2, 1581.32),
(730, 217, 44, 4, 55638.51),
(731, 133, 37, 5, 30950.38),
(732, 117, 28, 2, 27546.85),
(733, 48, 34, 4, 97803.67),
(734, 65, 48, 2, 40340.04),
(735, 29, 15, 4, 18777.53),
(736, 382, 36, 5, 84250.44),
(737, 355, 30, 4, 31662.37),
(738, 329, 26, 4, 16900.02),
(739, 191, 42, 4, 19875.69),
(740, 56, 7, 1, 36588.81),
(741, 399, 22, 1, 24333.23),
(742, 84, 35, 1, 6999.26),
(743, 306, 1, 3, 19180.51),
(744, 104, 41, 1, 24413.35),
(745, 44, 37, 5, 4965.02),
(746, 248, 3, 1, 31800.74),
(747, 159, 1, 3, 75292.1),
(748, 204, 33, 2, 31790.01),
(749, 201, 47, 3, 97398.15),
(750, 360, 44, 1, 33466.16),
(751, 380, 33, 1, 50466.62),
(752, 397, 10, 1, 58923.96),
(753, 196, 31, 5, 86946.83),
(754, 20, 19, 2, 15578.01),
(755, 238, 6, 1, 95305.42),
(756, 119, 14, 2, 76998.16),
(757, 83, 33, 5, 99231.75),
(758, 312, 42, 5, 93057.61),
(759, 175, 29, 2, 34232.56),
(760, 185, 40, 4, 4481.28),
(761, 365, 50, 4, 24291.51),
(762, 313, 39, 1, 95822.56),
(763, 291, 41, 4, 10191.9),
(764, 8, 10, 3, 54940.04),
(765, 45, 32, 1, 45753.38),
(766, 87, 19, 2, 7282.1),
(767, 296, 24, 3, 9378.31),
(768, 92, 46, 4, 26165.44),
(769, 243, 17, 4, 65204.06),
(770, 72, 8, 5, 49081.77),
(771, 187, 19, 4, 41198.81),
(772, 318, 44, 2, 44362.35),
(773, 263, 40, 3, 37681.47),
(774, 350, 27, 5, 45284.18),
(775, 350, 3, 5, 97754.45),
(776, 30, 48, 2, 70124.66),
(777, 288, 1, 2, 85379.45),
(778, 149, 25, 2, 57228.31),
(779, 38, 15, 4, 87478.81),
(780, 343, 6, 3, 46854.82),
(781, 329, 35, 4, 11357.35),
(782, 93, 47, 1, 91787.31),
(783, 204, 50, 4, 20347.36),
(784, 169, 5, 3, 34571.14),
(785, 310, 32, 2, 70377.94),
(786, 244, 8, 3, 45730.58),
(787, 280, 10, 4, 14978.62),
(788, 110, 21, 5, 3616.66),
(789, 308, 50, 4, 6708.83),
(790, 186, 28, 4, 21735.37),
(791, 109, 2, 4, 27349.89),
(792, 326, 12, 1, 14602.92),
(793, 141, 26, 1, 30184.51),
(794, 365, 29, 4, 52715.41),
(795, 343, 17, 2, 83139.63),
(796, 48, 28, 3, 96354.89),
(797, 153, 11, 2, 35252.99),
(798, 215, 31, 4, 53782.88),
(799, 83, 45, 4, 35791.89),
(800, 355, 37, 4, 82390.06);

INSERT INTO payments (payment_id, order_id, amount, payment_method, payment_status, payment_date) VALUES
(1, 1, 67748.1, 'upi', 'paid', '2025-05-08 18:26:05'),
(2, 2, 87004.12, 'upi', 'pending', '2025-04-26 05:26:18'),
(3, 3, 80023.49, 'cod', 'paid', '2025-04-08 15:08:02'),
(4, 4, 18910.25, 'netbanking', 'paid', '2025-05-23 05:02:38'),
(5, 5, 60434.03, 'cod', 'paid', '2025-05-15 10:48:05'),
(6, 6, 95250.0, 'netbanking', 'pending', '2025-04-25 16:58:02'),
(7, 7, 62962.31, 'card', 'pending', '2025-03-04 18:05:38'),
(8, 8, 113255.53, 'upi', 'failed', '2025-03-19 06:55:04'),
(9, 9, 54470.11, 'card', 'paid', '2025-04-29 02:18:14'),
(10, 10, 27016.11, 'upi', 'pending', '2025-04-01 12:08:08'),
(11, 11, 83877.08, 'upi', 'failed', '2025-05-30 00:48:40'),
(12, 12, 45929.23, 'cod', 'paid', '2025-05-19 03:17:36'),
(13, 13, 114332.85, 'card', 'pending', '2025-04-29 23:15:28'),
(14, 14, 97839.74, 'card', 'pending', '2025-03-23 01:21:35'),
(15, 15, 107701.93, 'card', 'failed', '2025-05-02 17:07:18'),
(16, 16, 60396.55, 'netbanking', 'pending', '2025-04-25 12:27:51'),
(17, 17, 49836.03, 'cod', 'failed', '2025-03-11 17:13:51'),
(18, 18, 51676.05, 'cod', 'paid', '2025-04-18 18:49:53'),
(19, 19, 111235.51, 'netbanking', 'pending', '2025-03-15 06:21:34'),
(20, 20, 45401.46, 'upi', 'failed', '2025-04-02 18:18:54'),
(21, 21, 52869.26, 'cod', 'failed', '2025-05-12 23:24:45'),
(22, 22, 82937.53, 'netbanking', 'failed', '2025-03-09 03:56:21'),
(23, 23, 34706.56, 'card', 'paid', '2025-03-24 17:12:26'),
(24, 24, 96906.83, 'card', 'paid', '2025-04-04 06:45:46'),
(25, 25, 78305.33, 'netbanking', 'paid', '2025-04-01 15:10:08'),
(26, 26, 60072.19, 'card', 'failed', '2025-03-17 21:50:33'),
(27, 27, 53848.3, 'card', 'failed', '2025-05-02 09:03:33'),
(28, 28, 35498.63, 'netbanking', 'paid', '2025-05-26 13:34:56'),
(29, 29, 27522.65, 'netbanking', 'failed', '2025-03-10 05:22:59'),
(30, 30, 46348.5, 'upi', 'pending', '2025-05-20 09:14:50'),
(31, 31, 114115.63, 'cod', 'pending', '2025-05-09 10:38:48'),
(32, 32, 50139.23, 'netbanking', 'paid', '2025-05-05 15:54:25'),
(33, 33, 112814.4, 'upi', 'failed', '2025-05-02 15:51:13'),
(34, 34, 34748.93, 'cod', 'pending', '2025-05-11 09:59:45'),
(35, 35, 100779.62, 'netbanking', 'failed', '2025-05-26 16:41:20'),
(36, 36, 29744.98, 'netbanking', 'paid', '2025-04-03 04:59:22'),
(37, 37, 2848.08, 'upi', 'pending', '2025-04-13 23:21:35'),
(38, 38, 101051.59, 'cod', 'pending', '2025-03-02 17:11:25'),
(39, 39, 21278.88, 'netbanking', 'paid', '2025-03-27 08:37:35'),
(40, 40, 67133.01, 'netbanking', 'paid', '2025-03-21 23:14:11'),
(41, 41, 74335.88, 'netbanking', 'paid', '2025-03-25 20:06:32'),
(42, 42, 96358.47, 'netbanking', 'paid', '2025-05-07 21:51:14'),
(43, 43, 112787.61, 'netbanking', 'failed', '2025-03-08 04:36:35'),
(44, 44, 21672.36, 'cod', 'failed', '2025-04-04 15:19:01'),
(45, 45, 19854.79, 'upi', 'paid', '2025-03-26 12:41:34'),
(46, 46, 85492.96, 'upi', 'failed', '2025-05-17 00:31:34'),
(47, 47, 15086.35, 'netbanking', 'failed', '2025-03-12 02:22:31'),
(48, 48, 110083.18, 'upi', 'pending', '2025-05-10 13:19:19'),
(49, 49, 25247.75, 'card', 'paid', '2025-03-01 17:37:19'),
(50, 50, 53053.1, 'upi', 'paid', '2025-03-06 06:49:42'),
(51, 51, 74553.86, 'card', 'failed', '2025-04-08 01:56:07'),
(52, 52, 46506.18, 'upi', 'pending', '2025-04-13 03:45:48'),
(53, 53, 76501.11, 'cod', 'paid', '2025-05-11 17:40:56'),
(54, 54, 29526.9, 'upi', 'pending', '2025-04-11 08:29:58'),
(55, 55, 24065.64, 'upi', 'failed', '2025-03-17 18:13:59'),
(56, 56, 93823.45, 'netbanking', 'pending', '2025-05-26 11:47:31'),
(57, 57, 79451.67, 'cod', 'paid', '2025-04-10 19:22:16'),
(58, 58, 112262.13, 'card', 'failed', '2025-04-18 11:36:03'),
(59, 59, 118190.94, 'card', 'paid', '2025-05-26 05:18:40'),
(60, 60, 55636.2, 'card', 'paid', '2025-04-07 09:06:03'),
(61, 61, 17878.41, 'cod', 'paid', '2025-04-04 17:03:52'),
(62, 62, 12040.48, 'netbanking', 'pending', '2025-04-23 14:57:53'),
(63, 63, 109613.58, 'upi', 'pending', '2025-04-07 01:15:35'),
(64, 64, 12979.93, 'card', 'pending', '2025-03-11 10:58:56'),
(65, 65, 9755.54, 'card', 'paid', '2025-05-21 01:53:48'),
(66, 66, 82793.03, 'netbanking', 'pending', '2025-04-17 03:55:39'),
(67, 67, 76392.66, 'netbanking', 'paid', '2025-05-17 04:30:38'),
(68, 68, 22396.97, 'card', 'paid', '2025-05-24 12:01:14'),
(69, 69, 79500.3, 'card', 'paid', '2025-04-26 17:36:12'),
(70, 70, 117133.99, 'cod', 'pending', '2025-05-03 19:30:20'),
(71, 71, 119395.01, 'card', 'paid', '2025-05-14 05:28:19'),
(72, 72, 63088.08, 'cod', 'paid', '2025-05-07 07:50:11'),
(73, 73, 23948.59, 'card', 'failed', '2025-03-23 12:16:57'),
(74, 74, 3741.54, 'upi', 'paid', '2025-03-17 09:39:13'),
(75, 75, 104158.04, 'card', 'paid', '2025-04-14 10:12:45'),
(76, 76, 4510.22, 'upi', 'paid', '2025-03-08 18:23:31'),
(77, 77, 10929.69, 'upi', 'pending', '2025-05-18 04:53:41'),
(78, 78, 33566.31, 'upi', 'paid', '2025-05-22 17:24:21'),
(79, 79, 42477.85, 'cod', 'pending', '2025-03-04 20:29:38'),
(80, 80, 89678.14, 'netbanking', 'pending', '2025-03-30 05:49:24'),
(81, 81, 62006.13, 'netbanking', 'paid', '2025-03-03 13:25:18'),
(82, 82, 30761.08, 'upi', 'failed', '2025-04-01 13:18:03'),
(83, 83, 101678.26, 'cod', 'pending', '2025-03-26 23:06:29'),
(84, 84, 13244.46, 'cod', 'paid', '2025-03-11 18:39:49'),
(85, 85, 95497.84, 'netbanking', 'pending', '2025-03-08 19:32:10'),
(86, 86, 106060.02, 'netbanking', 'failed', '2025-04-03 19:06:27'),
(87, 87, 89902.43, 'cod', 'failed', '2025-03-18 03:00:37'),
(88, 88, 13799.53, 'netbanking', 'pending', '2025-05-26 19:39:59'),
(89, 89, 24766.77, 'cod', 'pending', '2025-04-07 01:31:01'),
(90, 90, 107849.47, 'card', 'pending', '2025-03-17 05:34:16'),
(91, 91, 20902.64, 'card', 'failed', '2025-05-11 16:17:07'),
(92, 92, 31114.58, 'netbanking', 'pending', '2025-03-08 21:24:17'),
(93, 93, 72861.97, 'cod', 'pending', '2025-04-23 17:20:48'),
(94, 94, 4562.85, 'upi', 'pending', '2025-05-27 19:25:03'),
(95, 95, 52097.03, 'upi', 'pending', '2025-03-10 15:35:10'),
(96, 96, 30192.86, 'upi', 'failed', '2025-04-03 10:07:06'),
(97, 97, 45227.58, 'upi', 'pending', '2025-04-28 06:49:41'),
(98, 98, 15554.13, 'cod', 'failed', '2025-04-30 04:31:57'),
(99, 99, 2297.22, 'cod', 'paid', '2025-05-27 08:00:16'),
(100, 100, 56379.82, 'cod', 'paid', '2025-04-17 11:29:41'),
(101, 101, 67835.23, 'netbanking', 'pending', '2025-05-09 00:15:05'),
(102, 102, 72614.43, 'upi', 'paid', '2025-03-04 14:51:21'),
(103, 103, 67754.09, 'card', 'failed', '2025-04-12 11:41:34'),
(104, 104, 107227.02, 'netbanking', 'failed', '2025-05-04 01:43:01'),
(105, 105, 90987.94, 'cod', 'pending', '2025-03-17 15:06:28'),
(106, 106, 24579.9, 'card', 'pending', '2025-04-29 13:47:21'),
(107, 107, 60339.47, 'cod', 'pending', '2025-05-26 23:54:43'),
(108, 108, 15191.82, 'netbanking', 'paid', '2025-04-12 18:23:48'),
(109, 109, 72570.25, 'netbanking', 'paid', '2025-03-16 20:42:54'),
(110, 110, 69593.24, 'cod', 'paid', '2025-03-06 19:25:50'),
(111, 111, 77596.33, 'card', 'pending', '2025-03-11 10:35:04'),
(112, 112, 34839.53, 'netbanking', 'paid', '2025-04-02 18:08:34'),
(113, 113, 107603.71, 'card', 'pending', '2025-03-21 13:36:14'),
(114, 114, 77728.3, 'card', 'pending', '2025-03-20 01:19:55'),
(115, 115, 12319.26, 'netbanking', 'failed', '2025-04-10 08:19:40'),
(116, 116, 36818.79, 'cod', 'pending', '2025-05-08 07:13:21'),
(117, 117, 48640.98, 'cod', 'pending', '2025-04-24 09:48:43'),
(118, 118, 73866.16, 'netbanking', 'pending', '2025-05-10 17:06:26'),
(119, 119, 83878.38, 'netbanking', 'pending', '2025-05-30 11:22:46'),
(120, 120, 101992.01, 'card', 'pending', '2025-05-11 11:35:57'),
(121, 121, 112586.75, 'card', 'paid', '2025-04-23 01:13:12'),
(122, 122, 27657.71, 'card', 'paid', '2025-03-27 08:44:54'),
(123, 123, 13511.15, 'cod', 'failed', '2025-05-04 17:56:28'),
(124, 124, 87186.15, 'upi', 'paid', '2025-03-28 22:37:58'),
(125, 125, 11473.99, 'cod', 'failed', '2025-03-30 11:37:49'),
(126, 126, 118758.24, 'card', 'pending', '2025-03-24 16:09:51'),
(127, 127, 106115.0, 'card', 'paid', '2025-03-10 22:08:13'),
(128, 128, 6712.4, 'cod', 'paid', '2025-03-06 10:17:44'),
(129, 129, 32383.53, 'netbanking', 'pending', '2025-04-08 18:09:54'),
(130, 130, 84141.11, 'upi', 'failed', '2025-04-26 02:57:24'),
(131, 131, 55822.56, 'upi', 'pending', '2025-04-23 23:26:36'),
(132, 132, 103565.49, 'netbanking', 'failed', '2025-05-22 03:38:22'),
(133, 133, 54166.79, 'card', 'failed', '2025-04-18 06:37:44'),
(134, 134, 63783.08, 'netbanking', 'failed', '2025-03-16 12:31:37'),
(135, 135, 59322.36, 'cod', 'pending', '2025-03-06 21:38:31'),
(136, 136, 92944.63, 'netbanking', 'paid', '2025-04-05 15:25:44'),
(137, 137, 11924.13, 'cod', 'failed', '2025-03-01 23:31:39'),
(138, 138, 10852.52, 'upi', 'failed', '2025-04-12 03:01:50'),
(139, 139, 78008.98, 'upi', 'failed', '2025-03-10 02:49:31'),
(140, 140, 10283.99, 'netbanking', 'paid', '2025-03-30 04:59:11'),
(141, 141, 26284.58, 'upi', 'pending', '2025-05-20 14:27:23'),
(142, 142, 98402.86, 'upi', 'pending', '2025-05-04 21:15:20'),
(143, 143, 13439.63, 'upi', 'failed', '2025-05-01 07:12:14'),
(144, 144, 91630.7, 'cod', 'pending', '2025-04-28 21:14:24'),
(145, 145, 85312.97, 'upi', 'failed', '2025-04-17 05:52:58'),
(146, 146, 13573.6, 'upi', 'paid', '2025-03-20 23:54:45'),
(147, 147, 110086.97, 'netbanking', 'pending', '2025-03-11 00:37:57'),
(148, 148, 104275.2, 'upi', 'pending', '2025-03-04 02:36:18'),
(149, 149, 23366.46, 'cod', 'pending', '2025-03-21 16:52:19'),
(150, 150, 20539.36, 'cod', 'failed', '2025-03-18 04:42:16'),
(151, 151, 78157.57, 'upi', 'pending', '2025-05-02 13:43:43'),
(152, 152, 105267.35, 'card', 'paid', '2025-03-29 22:36:23'),
(153, 153, 2973.96, 'netbanking', 'paid', '2025-03-09 13:33:41'),
(154, 154, 32744.04, 'netbanking', 'failed', '2025-04-16 14:08:10'),
(155, 155, 64175.36, 'cod', 'pending', '2025-05-22 12:45:40'),
(156, 156, 15080.82, 'card', 'pending', '2025-03-12 19:47:31'),
(157, 157, 52345.36, 'upi', 'pending', '2025-03-31 13:09:07'),
(158, 158, 60760.66, 'cod', 'paid', '2025-05-16 19:31:53'),
(159, 159, 53519.53, 'cod', 'paid', '2025-04-09 04:48:09'),
(160, 160, 6846.99, 'netbanking', 'failed', '2025-04-16 08:01:00'),
(161, 161, 111434.38, 'upi', 'pending', '2025-04-18 02:18:53'),
(162, 162, 23544.51, 'upi', 'failed', '2025-05-27 11:51:08'),
(163, 163, 33835.16, 'netbanking', 'failed', '2025-05-04 18:58:17'),
(164, 164, 52594.28, 'card', 'failed', '2025-03-27 08:08:30'),
(165, 165, 30624.37, 'card', 'paid', '2025-03-10 11:00:03'),
(166, 166, 14707.36, 'card', 'failed', '2025-05-02 22:17:37'),
(167, 167, 32675.21, 'card', 'failed', '2025-04-23 10:32:31'),
(168, 168, 13022.81, 'upi', 'failed', '2025-04-08 05:38:25'),
(169, 169, 84241.96, 'netbanking', 'pending', '2025-03-19 13:26:28'),
(170, 170, 47753.37, 'upi', 'failed', '2025-04-06 15:10:37'),
(171, 171, 99064.17, 'cod', 'pending', '2025-05-26 13:59:03'),
(172, 172, 25478.94, 'upi', 'pending', '2025-04-07 15:28:06'),
(173, 173, 76791.01, 'cod', 'failed', '2025-04-06 11:24:17'),
(174, 174, 1369.72, 'upi', 'failed', '2025-03-19 17:24:23'),
(175, 175, 109026.11, 'netbanking', 'failed', '2025-04-13 21:22:06'),
(176, 176, 37333.58, 'upi', 'paid', '2025-03-05 22:36:05'),
(177, 177, 38498.39, 'card', 'paid', '2025-03-27 04:09:38'),
(178, 178, 23293.99, 'netbanking', 'paid', '2025-04-13 07:18:22'),
(179, 179, 115506.92, 'netbanking', 'pending', '2025-04-15 18:18:00'),
(180, 180, 40752.44, 'upi', 'pending', '2025-03-27 04:24:18'),
(181, 181, 105869.65, 'upi', 'failed', '2025-03-23 13:49:09'),
(182, 182, 91471.03, 'card', 'failed', '2025-05-21 21:10:17'),
(183, 183, 42905.09, 'netbanking', 'failed', '2025-03-27 16:25:53'),
(184, 184, 1119.77, 'upi', 'pending', '2025-04-25 09:25:35'),
(185, 185, 14016.93, 'card', 'failed', '2025-03-07 14:16:00'),
(186, 186, 81925.5, 'cod', 'paid', '2025-03-16 06:47:47'),
(187, 187, 63507.03, 'upi', 'paid', '2025-05-13 15:28:17'),
(188, 188, 93255.53, 'card', 'pending', '2025-05-08 05:31:53'),
(189, 189, 96663.22, 'cod', 'pending', '2025-05-05 09:57:03'),
(190, 190, 59388.76, 'cod', 'failed', '2025-03-10 23:58:12'),
(191, 191, 31623.4, 'netbanking', 'pending', '2025-03-09 22:20:57'),
(192, 192, 44350.43, 'card', 'pending', '2025-05-05 11:31:06'),
(193, 193, 36834.95, 'cod', 'failed', '2025-04-03 23:43:43'),
(194, 194, 93168.63, 'netbanking', 'paid', '2025-05-19 01:49:58'),
(195, 195, 33122.56, 'card', 'paid', '2025-04-23 04:18:15'),
(196, 196, 117457.86, 'upi', 'failed', '2025-04-10 19:17:43'),
(197, 197, 119296.36, 'cod', 'pending', '2025-05-14 01:18:32'),
(198, 198, 4677.66, 'netbanking', 'pending', '2025-04-27 20:47:55'),
(199, 199, 25550.6, 'card', 'paid', '2025-03-23 16:46:47'),
(200, 200, 110557.02, 'netbanking', 'failed', '2025-04-24 08:37:21'),
(201, 201, 13843.87, 'cod', 'failed', '2025-03-07 12:44:20'),
(202, 202, 81777.38, 'netbanking', 'failed', '2025-05-22 05:50:09'),
(203, 203, 21819.32, 'cod', 'pending', '2025-04-08 04:39:33'),
(204, 204, 47532.12, 'netbanking', 'pending', '2025-05-20 01:39:32'),
(205, 205, 37809.47, 'card', 'failed', '2025-04-21 08:20:29'),
(206, 206, 62889.25, 'cod', 'failed', '2025-04-11 06:07:12'),
(207, 207, 15632.39, 'netbanking', 'failed', '2025-04-22 14:28:32'),
(208, 208, 116210.21, 'cod', 'pending', '2025-05-07 07:37:15'),
(209, 209, 14112.68, 'card', 'pending', '2025-05-24 18:38:46'),
(210, 210, 111340.73, 'upi', 'pending', '2025-04-16 17:03:27'),
(211, 211, 82029.85, 'cod', 'failed', '2025-04-26 05:09:27'),
(212, 212, 67418.76, 'upi', 'pending', '2025-05-26 05:02:20'),
(213, 213, 58932.15, 'card', 'pending', '2025-03-24 11:43:20'),
(214, 214, 2855.5, 'card', 'paid', '2025-04-16 20:24:29'),
(215, 215, 34679.06, 'card', 'paid', '2025-03-30 15:00:45'),
(216, 216, 59115.61, 'card', 'pending', '2025-03-09 06:36:54'),
(217, 217, 42918.41, 'card', 'paid', '2025-04-08 22:35:51'),
(218, 218, 30920.58, 'cod', 'pending', '2025-05-28 06:15:36'),
(219, 219, 94446.33, 'upi', 'paid', '2025-05-23 12:27:38'),
(220, 220, 85870.45, 'upi', 'failed', '2025-05-09 23:05:22'),
(221, 221, 24410.56, 'card', 'pending', '2025-03-04 23:33:35'),
(222, 222, 27044.07, 'netbanking', 'pending', '2025-04-19 08:37:04'),
(223, 223, 30598.69, 'netbanking', 'pending', '2025-04-26 01:40:32'),
(224, 224, 48494.52, 'card', 'pending', '2025-05-28 00:50:56'),
(225, 225, 110503.1, 'cod', 'paid', '2025-04-20 18:54:30'),
(226, 226, 68105.01, 'cod', 'failed', '2025-05-18 07:49:16'),
(227, 227, 17561.99, 'upi', 'pending', '2025-04-26 02:17:39'),
(228, 228, 17147.2, 'upi', 'pending', '2025-05-06 09:24:26'),
(229, 229, 37294.54, 'cod', 'failed', '2025-04-30 19:58:40'),
(230, 230, 111327.12, 'netbanking', 'failed', '2025-03-15 22:12:52'),
(231, 231, 22821.29, 'netbanking', 'paid', '2025-03-13 06:54:49'),
(232, 232, 17494.58, 'netbanking', 'failed', '2025-05-14 03:00:51'),
(233, 233, 38277.99, 'cod', 'pending', '2025-04-14 04:58:30'),
(234, 234, 43149.07, 'netbanking', 'pending', '2025-03-18 09:28:25'),
(235, 235, 115412.18, 'netbanking', 'paid', '2025-03-17 20:09:31'),
(236, 236, 109594.44, 'card', 'pending', '2025-03-22 04:22:35'),
(237, 237, 11523.05, 'upi', 'failed', '2025-05-19 02:29:12'),
(238, 238, 108915.01, 'upi', 'failed', '2025-03-20 07:43:15'),
(239, 239, 61952.61, 'upi', 'failed', '2025-03-13 20:40:16'),
(240, 240, 65649.08, 'cod', 'paid', '2025-03-05 18:04:43'),
(241, 241, 90884.89, 'netbanking', 'paid', '2025-04-11 17:10:18'),
(242, 242, 48950.11, 'card', 'pending', '2025-03-09 05:14:54'),
(243, 243, 97090.24, 'netbanking', 'paid', '2025-05-06 22:26:03'),
(244, 244, 11074.43, 'cod', 'failed', '2025-04-12 21:10:35'),
(245, 245, 13738.82, 'card', 'pending', '2025-03-21 05:08:33'),
(246, 246, 68287.76, 'cod', 'paid', '2025-05-20 11:20:59'),
(247, 247, 15451.68, 'card', 'failed', '2025-05-01 12:10:46'),
(248, 248, 25402.67, 'upi', 'failed', '2025-03-15 23:13:04'),
(249, 249, 89110.47, 'netbanking', 'paid', '2025-05-21 14:14:58'),
(250, 250, 27601.69, 'upi', 'pending', '2025-04-28 09:11:53'),
(251, 251, 75760.5, 'card', 'pending', '2025-03-26 15:33:19'),
(252, 252, 75216.01, 'upi', 'paid', '2025-04-01 15:42:25'),
(253, 253, 8989.91, 'upi', 'failed', '2025-05-29 00:57:53'),
(254, 254, 105707.99, 'card', 'paid', '2025-05-11 04:54:34'),
(255, 255, 25310.94, 'netbanking', 'paid', '2025-05-29 08:48:58'),
(256, 256, 100094.45, 'netbanking', 'pending', '2025-05-18 23:53:01'),
(257, 257, 7622.73, 'card', 'pending', '2025-03-08 02:47:09'),
(258, 258, 49142.32, 'upi', 'paid', '2025-03-10 01:25:31'),
(259, 259, 101164.78, 'cod', 'failed', '2025-04-08 06:58:23'),
(260, 260, 82077.13, 'card', 'pending', '2025-04-24 15:03:33'),
(261, 261, 18403.32, 'card', 'paid', '2025-04-09 04:32:27'),
(262, 262, 17860.66, 'upi', 'paid', '2025-04-24 05:00:58'),
(263, 263, 61870.28, 'upi', 'pending', '2025-04-02 06:34:01'),
(264, 264, 58175.51, 'cod', 'failed', '2025-05-23 18:42:56'),
(265, 265, 12902.34, 'netbanking', 'pending', '2025-03-28 10:13:52'),
(266, 266, 80456.26, 'netbanking', 'pending', '2025-04-21 01:35:52'),
(267, 267, 84020.67, 'card', 'pending', '2025-04-15 02:13:12'),
(268, 268, 50610.68, 'netbanking', 'paid', '2025-05-29 15:46:43'),
(269, 269, 4328.51, 'netbanking', 'paid', '2025-05-25 09:57:38'),
(270, 270, 68140.88, 'card', 'failed', '2025-03-02 19:26:47'),
(271, 271, 37028.63, 'netbanking', 'paid', '2025-05-16 23:25:56'),
(272, 272, 109064.89, 'cod', 'paid', '2025-05-08 14:42:54'),
(273, 273, 56680.95, 'netbanking', 'pending', '2025-05-01 02:28:00'),
(274, 274, 2085.29, 'upi', 'pending', '2025-04-27 15:47:17'),
(275, 275, 60575.97, 'upi', 'pending', '2025-04-21 08:17:39'),
(276, 276, 108403.51, 'netbanking', 'failed', '2025-05-16 12:05:46'),
(277, 277, 8469.13, 'upi', 'pending', '2025-04-11 08:21:40'),
(278, 278, 79056.07, 'cod', 'pending', '2025-03-12 12:49:28'),
(279, 279, 86106.7, 'upi', 'pending', '2025-04-10 20:21:26'),
(280, 280, 94410.35, 'cod', 'pending', '2025-03-16 03:19:42'),
(281, 281, 9117.0, 'netbanking', 'pending', '2025-03-15 23:58:01'),
(282, 282, 115544.05, 'upi', 'failed', '2025-04-25 14:53:46'),
(283, 283, 85311.52, 'cod', 'paid', '2025-04-27 16:37:20'),
(284, 284, 84034.48, 'cod', 'failed', '2025-04-27 04:22:21'),
(285, 285, 74479.53, 'netbanking', 'paid', '2025-05-14 05:47:02'),
(286, 286, 6346.57, 'upi', 'paid', '2025-03-11 08:07:44'),
(287, 287, 12488.31, 'card', 'pending', '2025-05-30 09:52:31'),
(288, 288, 112173.84, 'netbanking', 'pending', '2025-03-11 20:47:01'),
(289, 289, 91429.2, 'upi', 'paid', '2025-04-25 05:47:05'),
(290, 290, 108075.52, 'upi', 'failed', '2025-05-16 07:06:26'),
(291, 291, 107204.27, 'netbanking', 'paid', '2025-03-11 09:57:41'),
(292, 292, 8369.27, 'cod', 'paid', '2025-05-16 21:33:24'),
(293, 293, 5452.77, 'card', 'pending', '2025-03-29 09:16:52'),
(294, 294, 91838.88, 'card', 'paid', '2025-05-24 20:00:01'),
(295, 295, 39217.95, 'netbanking', 'pending', '2025-04-22 14:45:11'),
(296, 296, 16852.78, 'upi', 'paid', '2025-05-26 01:30:06'),
(297, 297, 31046.9, 'netbanking', 'failed', '2025-04-03 23:54:35'),
(298, 298, 35044.63, 'upi', 'failed', '2025-05-25 20:16:36'),
(299, 299, 20288.66, 'upi', 'paid', '2025-04-10 12:04:47'),
(300, 300, 70270.85, 'card', 'paid', '2025-03-27 06:07:10'),
(301, 301, 4955.46, 'upi', 'paid', '2025-04-07 19:11:33'),
(302, 302, 43787.76, 'netbanking', 'failed', '2025-05-04 04:24:09'),
(303, 303, 66043.12, 'card', 'pending', '2025-04-17 18:07:52'),
(304, 304, 23051.22, 'netbanking', 'paid', '2025-04-26 03:32:50'),
(305, 305, 100055.95, 'netbanking', 'failed', '2025-04-29 17:37:16'),
(306, 306, 42900.62, 'upi', 'paid', '2025-04-16 12:54:54'),
(307, 307, 53226.49, 'netbanking', 'paid', '2025-03-05 05:56:16'),
(308, 308, 68729.14, 'upi', 'failed', '2025-03-18 07:53:28'),
(309, 309, 36489.01, 'card', 'pending', '2025-03-28 08:23:53'),
(310, 310, 28438.25, 'cod', 'paid', '2025-04-09 17:38:02'),
(311, 311, 27658.53, 'cod', 'pending', '2025-03-15 13:50:15'),
(312, 312, 47460.74, 'cod', 'paid', '2025-04-30 15:15:02'),
(313, 313, 104820.66, 'upi', 'pending', '2025-04-29 16:54:22'),
(314, 314, 9898.48, 'upi', 'failed', '2025-05-06 17:02:44'),
(315, 315, 111885.28, 'cod', 'pending', '2025-05-07 22:59:04'),
(316, 316, 74618.74, 'card', 'failed', '2025-04-09 14:42:42'),
(317, 317, 57046.47, 'cod', 'failed', '2025-03-05 09:00:23'),
(318, 318, 4567.39, 'cod', 'pending', '2025-04-09 00:54:02'),
(319, 319, 32044.85, 'cod', 'paid', '2025-05-26 23:29:41'),
(320, 320, 17575.35, 'cod', 'failed', '2025-05-25 22:45:23'),
(321, 321, 109566.03, 'card', 'paid', '2025-04-02 19:04:25'),
(322, 322, 59733.06, 'card', 'pending', '2025-05-07 15:39:01'),
(323, 323, 117745.67, 'netbanking', 'failed', '2025-03-24 16:14:11'),
(324, 324, 88975.44, 'card', 'failed', '2025-03-06 09:29:34'),
(325, 325, 57973.81, 'upi', 'pending', '2025-05-13 00:21:34'),
(326, 326, 87076.24, 'card', 'paid', '2025-04-16 17:58:31'),
(327, 327, 60095.01, 'upi', 'failed', '2025-05-30 00:20:15'),
(328, 328, 42680.66, 'netbanking', 'pending', '2025-03-27 16:29:00'),
(329, 329, 94003.48, 'upi', 'paid', '2025-05-27 16:52:16'),
(330, 330, 111818.34, 'card', 'paid', '2025-04-06 18:29:11'),
(331, 331, 64568.12, 'netbanking', 'failed', '2025-03-03 13:46:57'),
(332, 332, 82347.81, 'card', 'failed', '2025-04-03 09:55:18'),
(333, 333, 58378.63, 'netbanking', 'pending', '2025-05-19 23:17:02'),
(334, 334, 83757.42, 'netbanking', 'failed', '2025-05-17 15:58:48'),
(335, 335, 51793.2, 'upi', 'paid', '2025-03-31 00:48:21'),
(336, 336, 53116.39, 'cod', 'pending', '2025-03-31 19:12:03'),
(337, 337, 24043.83, 'netbanking', 'paid', '2025-03-28 19:53:30'),
(338, 338, 29342.25, 'card', 'failed', '2025-05-22 10:36:41'),
(339, 339, 2195.91, 'netbanking', 'failed', '2025-04-18 08:11:32'),
(340, 340, 90555.72, 'card', 'paid', '2025-05-23 22:28:07'),
(341, 341, 104917.44, 'upi', 'paid', '2025-05-08 04:51:36'),
(342, 342, 10116.79, 'upi', 'pending', '2025-05-07 02:27:27'),
(343, 343, 22490.62, 'card', 'pending', '2025-03-11 03:29:59'),
(344, 344, 42610.43, 'upi', 'pending', '2025-05-24 23:19:13'),
(345, 345, 16436.23, 'netbanking', 'pending', '2025-03-23 17:48:57'),
(346, 346, 79252.36, 'card', 'paid', '2025-03-14 15:46:39'),
(347, 347, 30773.66, 'upi', 'pending', '2025-03-30 18:48:24'),
(348, 348, 84925.37, 'cod', 'paid', '2025-05-12 19:38:18'),
(349, 349, 53781.48, 'cod', 'pending', '2025-04-13 15:09:33'),
(350, 350, 93844.8, 'cod', 'failed', '2025-05-15 18:15:33'),
(351, 351, 30060.49, 'cod', 'pending', '2025-05-20 18:56:40'),
(352, 352, 84034.83, 'card', 'paid', '2025-04-01 18:18:50'),
(353, 353, 42249.62, 'netbanking', 'failed', '2025-03-27 18:25:50'),
(354, 354, 114117.05, 'netbanking', 'pending', '2025-05-11 08:51:44'),
(355, 355, 10335.08, 'upi', 'failed', '2025-04-11 01:47:15'),
(356, 356, 28433.78, 'upi', 'paid', '2025-04-29 08:20:24'),
(357, 357, 45314.41, 'upi', 'paid', '2025-05-03 06:53:18'),
(358, 358, 117371.25, 'netbanking', 'failed', '2025-03-10 06:41:24'),
(359, 359, 91938.85, 'card', 'paid', '2025-03-19 20:33:30'),
(360, 360, 60369.99, 'card', 'pending', '2025-04-13 11:54:39'),
(361, 361, 34078.11, 'netbanking', 'pending', '2025-03-22 03:12:44'),
(362, 362, 99434.28, 'card', 'paid', '2025-05-29 07:05:21'),
(363, 363, 34212.01, 'netbanking', 'pending', '2025-05-20 14:37:28'),
(364, 364, 3242.97, 'netbanking', 'pending', '2025-04-10 03:24:44'),
(365, 365, 53838.35, 'upi', 'paid', '2025-05-12 13:09:47'),
(366, 366, 46139.91, 'netbanking', 'failed', '2025-04-17 15:30:39'),
(367, 367, 7218.9, 'cod', 'paid', '2025-05-14 08:23:03'),
(368, 368, 65444.35, 'cod', 'paid', '2025-04-20 18:10:19'),
(369, 369, 109296.43, 'cod', 'pending', '2025-05-24 19:20:00'),
(370, 370, 97419.0, 'upi', 'paid', '2025-04-06 21:54:38'),
(371, 371, 41572.38, 'netbanking', 'pending', '2025-05-20 07:44:45'),
(372, 372, 94130.91, 'card', 'paid', '2025-03-07 01:36:20'),
(373, 373, 66842.01, 'cod', 'failed', '2025-04-20 15:18:07'),
(374, 374, 56156.8, 'cod', 'paid', '2025-05-17 10:56:34'),
(375, 375, 115276.3, 'netbanking', 'failed', '2025-03-17 01:04:09'),
(376, 376, 119120.96, 'upi', 'paid', '2025-03-07 23:32:07'),
(377, 377, 109017.8, 'cod', 'failed', '2025-03-31 19:36:21'),
(378, 378, 114165.1, 'card', 'paid', '2025-05-09 12:03:11'),
(379, 379, 92789.37, 'cod', 'pending', '2025-04-19 19:33:18'),
(380, 380, 68958.83, 'card', 'failed', '2025-04-09 18:35:31'),
(381, 381, 33638.12, 'cod', 'failed', '2025-03-14 18:43:25'),
(382, 382, 30811.08, 'card', 'paid', '2025-05-16 09:22:18'),
(383, 383, 37520.52, 'cod', 'pending', '2025-05-23 06:17:54'),
(384, 384, 101863.53, 'netbanking', 'pending', '2025-04-21 12:18:43'),
(385, 385, 3054.74, 'card', 'pending', '2025-05-25 23:37:48'),
(386, 386, 5403.45, 'cod', 'pending', '2025-04-25 19:44:21'),
(387, 387, 76891.43, 'upi', 'pending', '2025-03-04 10:05:26'),
(388, 388, 7971.6, 'card', 'pending', '2025-03-18 11:28:26'),
(389, 389, 107748.27, 'cod', 'paid', '2025-03-20 07:48:28'),
(390, 390, 53412.3, 'cod', 'pending', '2025-05-25 13:57:18'),
(391, 391, 31885.36, 'netbanking', 'paid', '2025-05-21 11:30:14'),
(392, 392, 28062.85, 'upi', 'paid', '2025-03-21 02:21:50'),
(393, 393, 104677.46, 'card', 'paid', '2025-05-21 20:56:01'),
(394, 394, 14619.14, 'card', 'paid', '2025-03-07 04:55:06'),
(395, 395, 82448.52, 'netbanking', 'failed', '2025-03-25 19:59:28'),
(396, 396, 38762.8, 'upi', 'paid', '2025-03-04 19:41:52'),
(397, 397, 114252.75, 'cod', 'pending', '2025-04-14 22:14:20'),
(398, 398, 2918.06, 'cod', 'failed', '2025-03-06 12:26:53'),
(399, 399, 86480.0, 'upi', 'pending', '2025-05-29 17:48:14'),
(400, 400, 13990.45, 'netbanking', 'paid', '2025-04-05 14:22:17');

